//------------------------------------------------------------
//-----------       Created with 010 Editor        -----------
//------         www.sweetscape.com/010editor/          ------
//
// File    : D:\Users\xiaoao\Download\classes4.dex
// Address : 0 (0x0)
// Size    : 17740 (0x454C)
//------------------------------------------------------------
unsigned int classes_dex_len = 17740;
unsigned char classes_dex[17740] = {
    0x64, 0x65, 0x78, 0x0A, 0x30, 0x33, 0x37, 0x00,
    0x97, 0x99, 0x5C, 0x11, 0xC1, 0x14, 0x3F, 0xAE,
    0xCA, 0xEC, 0x78, 0x02, 0x4A, 0x51, 0x2B, 0xF5,
    0xC1, 0x4F, 0x1F, 0x3F, 0x3D, 0xA1, 0x07, 0x27,
    0x4C, 0x45, 0x00, 0x00, 0x70, 0x00, 0x00, 0x00,
    0x78, 0x56, 0x34, 0x12, 0x00, 0x00, 0x00, 0x00,
    0x00, 0x00, 0x00, 0x00, 0x7C, 0x44, 0x00, 0x00,
    0x45, 0x01, 0x00, 0x00, 0x70, 0x00, 0x00, 0x00,
    0x4F, 0x00, 0x00, 0x00, 0x84, 0x05, 0x00, 0x00,
    0x4A, 0x00, 0x00, 0x00, 0xC0, 0x06, 0x00, 0x00,
    0x23, 0x00, 0x00, 0x00, 0x38, 0x0A, 0x00, 0x00,
    0xB0, 0x00, 0x00, 0x00, 0x50, 0x0B, 0x00, 0x00,
    0x11, 0x00, 0x00, 0x00, 0xD0, 0x10, 0x00, 0x00,
    0x5C, 0x32, 0x00, 0x00, 0xF0, 0x12, 0x00, 0x00,
    0x44, 0x28, 0x00, 0x00, 0x46, 0x28, 0x00, 0x00,
    0x5D, 0x28, 0x00, 0x00, 0x7E, 0x28, 0x00, 0x00,
    0x88, 0x28, 0x00, 0x00, 0x90, 0x28, 0x00, 0x00,
    0x94, 0x28, 0x00, 0x00, 0xA8, 0x28, 0x00, 0x00,
    0xAF, 0x28, 0x00, 0x00, 0xC0, 0x28, 0x00, 0x00,
    0xC3, 0x28, 0x00, 0x00, 0xC9, 0x28, 0x00, 0x00,
    0xD5, 0x28, 0x00, 0x00, 0xEB, 0x28, 0x00, 0x00,
    0xEE, 0x28, 0x00, 0x00, 0xF3, 0x28, 0x00, 0x00,
    0xF8, 0x28, 0x00, 0x00, 0x08, 0x29, 0x00, 0x00,
    0x0B, 0x29, 0x00, 0x00, 0x16, 0x29, 0x00, 0x00,
    0x19, 0x29, 0x00, 0x00, 0x1D, 0x29, 0x00, 0x00,
    0x22, 0x29, 0x00, 0x00, 0x27, 0x29, 0x00, 0x00,
    0x2B, 0x29, 0x00, 0x00, 0x2F, 0x29, 0x00, 0x00,
    0x47, 0x29, 0x00, 0x00, 0x66, 0x29, 0x00, 0x00,
    0x81, 0x29, 0x00, 0x00, 0xA9, 0x29, 0x00, 0x00,
    0xC4, 0x29, 0x00, 0x00, 0xE4, 0x29, 0x00, 0x00,
    0xFE, 0x29, 0x00, 0x00, 0x27, 0x2A, 0x00, 0x00,
    0x47, 0x2A, 0x00, 0x00, 0x5C, 0x2A, 0x00, 0x00,
    0x72, 0x2A, 0x00, 0x00, 0x88, 0x2A, 0x00, 0x00,
    0x9D, 0x2A, 0x00, 0x00, 0xB6, 0x2A, 0x00, 0x00,
    0xD2, 0x2A, 0x00, 0x00, 0xEF, 0x2A, 0x00, 0x00,
    0x0E, 0x2B, 0x00, 0x00, 0x22, 0x2B, 0x00, 0x00,
    0x3A, 0x2B, 0x00, 0x00, 0x53, 0x2B, 0x00, 0x00,
    0x6F, 0x2B, 0x00, 0x00, 0x87, 0x2B, 0x00, 0x00,
    0xA5, 0x2B, 0x00, 0x00, 0xBA, 0x2B, 0x00, 0x00,
    0xE1, 0x2B, 0x00, 0x00, 0xFB, 0x2B, 0x00, 0x00,
    0x12, 0x2C, 0x00, 0x00, 0x3D, 0x2C, 0x00, 0x00,
    0x5B, 0x2C, 0x00, 0x00, 0x82, 0x2C, 0x00, 0x00,
    0xAE, 0x2C, 0x00, 0x00, 0xE1, 0x2C, 0x00, 0x00,
    0x10, 0x2D, 0x00, 0x00, 0x2B, 0x2D, 0x00, 0x00,
    0x56, 0x2D, 0x00, 0x00, 0x82, 0x2D, 0x00, 0x00,
    0x9D, 0x2D, 0x00, 0x00, 0xC0, 0x2D, 0x00, 0x00,
    0xE1, 0x2D, 0x00, 0x00, 0x1F, 0x2E, 0x00, 0x00,
    0x5D, 0x2E, 0x00, 0x00, 0x9B, 0x2E, 0x00, 0x00,
    0xD9, 0x2E, 0x00, 0x00, 0xFF, 0x2E, 0x00, 0x00,
    0x25, 0x2F, 0x00, 0x00, 0x54, 0x2F, 0x00, 0x00,
    0x87, 0x2F, 0x00, 0x00, 0xBA, 0x2F, 0x00, 0x00,
    0xEB, 0x2F, 0x00, 0x00, 0x12, 0x30, 0x00, 0x00,
    0x36, 0x30, 0x00, 0x00, 0x57, 0x30, 0x00, 0x00,
    0x74, 0x30, 0x00, 0x00, 0x92, 0x30, 0x00, 0x00,
    0xB6, 0x30, 0x00, 0x00, 0xDB, 0x30, 0x00, 0x00,
    0xFB, 0x30, 0x00, 0x00, 0x1E, 0x31, 0x00, 0x00,
    0x44, 0x31, 0x00, 0x00, 0x63, 0x31, 0x00, 0x00,
    0x78, 0x31, 0x00, 0x00, 0x92, 0x31, 0x00, 0x00,
    0xA9, 0x31, 0x00, 0x00, 0xBB, 0x31, 0x00, 0x00,
    0xCF, 0x31, 0x00, 0x00, 0xE5, 0x31, 0x00, 0x00,
    0xF9, 0x31, 0x00, 0x00, 0x14, 0x32, 0x00, 0x00,
    0x28, 0x32, 0x00, 0x00, 0x3F, 0x32, 0x00, 0x00,
    0x51, 0x32, 0x00, 0x00, 0x63, 0x32, 0x00, 0x00,
    0x8F, 0x32, 0x00, 0x00, 0xBB, 0x32, 0x00, 0x00,
    0xC8, 0x32, 0x00, 0x00, 0xD6, 0x32, 0x00, 0x00,
    0xE9, 0x32, 0x00, 0x00, 0xF3, 0x32, 0x00, 0x00,
    0x09, 0x33, 0x00, 0x00, 0x1C, 0x33, 0x00, 0x00,
    0x2A, 0x33, 0x00, 0x00, 0x46, 0x33, 0x00, 0x00,
    0x4B, 0x33, 0x00, 0x00, 0x5B, 0x33, 0x00, 0x00,
    0x6C, 0x33, 0x00, 0x00, 0x6F, 0x33, 0x00, 0x00,
    0x73, 0x33, 0x00, 0x00, 0x7A, 0x33, 0x00, 0x00,
    0x7E, 0x33, 0x00, 0x00, 0x83, 0x33, 0x00, 0x00,
    0x8A, 0x33, 0x00, 0x00, 0x92, 0x33, 0x00, 0x00,
    0x9B, 0x33, 0x00, 0x00, 0x9F, 0x33, 0x00, 0x00,
    0xA5, 0x33, 0x00, 0x00, 0xAC, 0x33, 0x00, 0x00,
    0xB1, 0x33, 0x00, 0x00, 0xB7, 0x33, 0x00, 0x00,
    0xBD, 0x33, 0x00, 0x00, 0xC2, 0x33, 0x00, 0x00,
    0xC6, 0x33, 0x00, 0x00, 0xC9, 0x33, 0x00, 0x00,
    0xCF, 0x33, 0x00, 0x00, 0xD4, 0x33, 0x00, 0x00,
    0xD9, 0x33, 0x00, 0x00, 0xDD, 0x33, 0x00, 0x00,
    0xE2, 0x33, 0x00, 0x00, 0xE7, 0x33, 0x00, 0x00,
    0xEB, 0x33, 0x00, 0x00, 0xF8, 0x33, 0x00, 0x00,
    0x00, 0x34, 0x00, 0x00, 0x0A, 0x34, 0x00, 0x00,
    0x19, 0x34, 0x00, 0x00, 0x1E, 0x34, 0x00, 0x00,
    0x36, 0x34, 0x00, 0x00, 0x3F, 0x34, 0x00, 0x00,
    0x46, 0x34, 0x00, 0x00, 0x4D, 0x34, 0x00, 0x00,
    0x5A, 0x34, 0x00, 0x00, 0x6C, 0x34, 0x00, 0x00,
    0x70, 0x34, 0x00, 0x00, 0x78, 0x34, 0x00, 0x00,
    0x7E, 0x34, 0x00, 0x00, 0x84, 0x34, 0x00, 0x00,
    0x8B, 0x34, 0x00, 0x00, 0x9B, 0x34, 0x00, 0x00,
    0xA3, 0x34, 0x00, 0x00, 0xB1, 0x34, 0x00, 0x00,
    0xC4, 0x34, 0x00, 0x00, 0xD2, 0x34, 0x00, 0x00,
    0xDA, 0x34, 0x00, 0x00, 0xE2, 0x34, 0x00, 0x00,
    0xEA, 0x34, 0x00, 0x00, 0xF6, 0x34, 0x00, 0x00,
    0x0E, 0x35, 0x00, 0x00, 0x16, 0x35, 0x00, 0x00,
    0x29, 0x35, 0x00, 0x00, 0x32, 0x35, 0x00, 0x00,
    0x39, 0x35, 0x00, 0x00, 0x3E, 0x35, 0x00, 0x00,
    0x41, 0x35, 0x00, 0x00, 0x58, 0x35, 0x00, 0x00,
    0x70, 0x35, 0x00, 0x00, 0x74, 0x35, 0x00, 0x00,
    0x80, 0x35, 0x00, 0x00, 0x83, 0x35, 0x00, 0x00,
    0x8F, 0x35, 0x00, 0x00, 0x96, 0x35, 0x00, 0x00,
    0x9B, 0x35, 0x00, 0x00, 0xA0, 0x35, 0x00, 0x00,
    0xAE, 0x35, 0x00, 0x00, 0xB3, 0x35, 0x00, 0x00,
    0xBE, 0x35, 0x00, 0x00, 0xCF, 0x35, 0x00, 0x00,
    0xDD, 0x35, 0x00, 0x00, 0xF0, 0x35, 0x00, 0x00,
    0x0C, 0x36, 0x00, 0x00, 0x17, 0x36, 0x00, 0x00,
    0x23, 0x36, 0x00, 0x00, 0x34, 0x36, 0x00, 0x00,
    0x43, 0x36, 0x00, 0x00, 0x4F, 0x36, 0x00, 0x00,
    0x58, 0x36, 0x00, 0x00, 0x61, 0x36, 0x00, 0x00,
    0x71, 0x36, 0x00, 0x00, 0x7D, 0x36, 0x00, 0x00,
    0x8F, 0x36, 0x00, 0x00, 0x9E, 0x36, 0x00, 0x00,
    0xA9, 0x36, 0x00, 0x00, 0xB9, 0x36, 0x00, 0x00,
    0xBF, 0x36, 0x00, 0x00, 0xC5, 0x36, 0x00, 0x00,
    0xC9, 0x36, 0x00, 0x00, 0xD2, 0x36, 0x00, 0x00,
    0xDE, 0x36, 0x00, 0x00, 0xE7, 0x36, 0x00, 0x00,
    0xF4, 0x36, 0x00, 0x00, 0xFC, 0x36, 0x00, 0x00,
    0x0A, 0x37, 0x00, 0x00, 0x17, 0x37, 0x00, 0x00,
    0x30, 0x37, 0x00, 0x00, 0x33, 0x37, 0x00, 0x00,
    0x38, 0x37, 0x00, 0x00, 0x3F, 0x37, 0x00, 0x00,
    0x45, 0x37, 0x00, 0x00, 0x58, 0x37, 0x00, 0x00,
    0x67, 0x37, 0x00, 0x00, 0x75, 0x37, 0x00, 0x00,
    0x81, 0x37, 0x00, 0x00, 0x8A, 0x37, 0x00, 0x00,
    0xA0, 0x37, 0x00, 0x00, 0xB6, 0x37, 0x00, 0x00,
    0xCA, 0x37, 0x00, 0x00, 0xDE, 0x37, 0x00, 0x00,
    0xE4, 0x37, 0x00, 0x00, 0xF1, 0x37, 0x00, 0x00,
    0xFA, 0x37, 0x00, 0x00, 0xFF, 0x37, 0x00, 0x00,
    0x10, 0x38, 0x00, 0x00, 0x1A, 0x38, 0x00, 0x00,
    0x20, 0x38, 0x00, 0x00, 0x27, 0x38, 0x00, 0x00,
    0x31, 0x38, 0x00, 0x00, 0x4A, 0x38, 0x00, 0x00,
    0x52, 0x38, 0x00, 0x00, 0x5F, 0x38, 0x00, 0x00,
    0x6C, 0x38, 0x00, 0x00, 0x7E, 0x38, 0x00, 0x00,
    0x90, 0x38, 0x00, 0x00, 0xA4, 0x38, 0x00, 0x00,
    0xB3, 0x38, 0x00, 0x00, 0xC1, 0x38, 0x00, 0x00,
    0xCB, 0x38, 0x00, 0x00, 0xD4, 0x38, 0x00, 0x00,
    0xDB, 0x38, 0x00, 0x00, 0xE3, 0x38, 0x00, 0x00,
    0xE9, 0x38, 0x00, 0x00, 0xF6, 0x38, 0x00, 0x00,
    0x02, 0x39, 0x00, 0x00, 0x0D, 0x39, 0x00, 0x00,
    0x18, 0x39, 0x00, 0x00, 0x23, 0x39, 0x00, 0x00,
    0x2C, 0x39, 0x00, 0x00, 0x36, 0x39, 0x00, 0x00,
    0x3E, 0x39, 0x00, 0x00, 0x48, 0x39, 0x00, 0x00,
    0x4E, 0x39, 0x00, 0x00, 0x54, 0x39, 0x00, 0x00,
    0x5C, 0x39, 0x00, 0x00, 0x6D, 0x39, 0x00, 0x00,
    0x87, 0x39, 0x00, 0x00, 0x9C, 0x39, 0x00, 0x00,
    0xAC, 0x39, 0x00, 0x00, 0xBA, 0x39, 0x00, 0x00,
    0xC1, 0x39, 0x00, 0x00, 0xCB, 0x39, 0x00, 0x00,
    0xD0, 0x39, 0x00, 0x00, 0xD3, 0x39, 0x00, 0x00,
    0xE5, 0x39, 0x00, 0x00, 0xFA, 0x39, 0x00, 0x00,
    0x0A, 0x3A, 0x00, 0x00, 0x15, 0x3A, 0x00, 0x00,
    0x29, 0x3A, 0x00, 0x00, 0x37, 0x3A, 0x00, 0x00,
    0x3C, 0x3A, 0x00, 0x00, 0x46, 0x3A, 0x00, 0x00,
    0x5A, 0x3A, 0x00, 0x00, 0x64, 0x3A, 0x00, 0x00,
    0x74, 0x3A, 0x00, 0x00, 0x89, 0x3A, 0x00, 0x00,
    0xA5, 0x3A, 0x00, 0x00, 0xB3, 0x3A, 0x00, 0x00,
    0xCC, 0x3A, 0x00, 0x00, 0xD7, 0x3A, 0x00, 0x00,
    0xE6, 0x3A, 0x00, 0x00, 0xF4, 0x3A, 0x00, 0x00,
    0x12, 0x3B, 0x00, 0x00, 0x21, 0x3B, 0x00, 0x00,
    0x2E, 0x3B, 0x00, 0x00, 0x38, 0x3B, 0x00, 0x00,
    0x41, 0x3B, 0x00, 0x00, 0x4F, 0x3B, 0x00, 0x00,
    0x5E, 0x3B, 0x00, 0x00, 0x6E, 0x3B, 0x00, 0x00,
    0x7B, 0x3B, 0x00, 0x00, 0x8A, 0x3B, 0x00, 0x00,
    0x90, 0x3B, 0x00, 0x00, 0x97, 0x3B, 0x00, 0x00,
    0xA2, 0x3B, 0x00, 0x00, 0xB8, 0x3B, 0x00, 0x00,
    0xC3, 0x3B, 0x00, 0x00, 0xD6, 0x3B, 0x00, 0x00,
    0xE3, 0x3B, 0x00, 0x00, 0xFB, 0x3B, 0x00, 0x00,
    0x00, 0x3C, 0x00, 0x00, 0x08, 0x3C, 0x00, 0x00,
    0x12, 0x3C, 0x00, 0x00, 0x19, 0x3C, 0x00, 0x00,
    0x1E, 0x3C, 0x00, 0x00, 0x26, 0x3C, 0x00, 0x00,
    0x2E, 0x3C, 0x00, 0x00, 0x34, 0x3C, 0x00, 0x00,
    0x3F, 0x3C, 0x00, 0x00, 0x4D, 0x3C, 0x00, 0x00,
    0x5F, 0x3C, 0x00, 0x00, 0x62, 0x3C, 0x00, 0x00,
    0x6E, 0x3C, 0x00, 0x00, 0x75, 0x3C, 0x00, 0x00,
    0x7E, 0x3C, 0x00, 0x00, 0x84, 0x3C, 0x00, 0x00,
    0x87, 0x3C, 0x00, 0x00, 0x8E, 0x3C, 0x00, 0x00,
    0x9B, 0x3C, 0x00, 0x00, 0xA3, 0x3C, 0x00, 0x00,
    0xB0, 0x3C, 0x00, 0x00, 0xB5, 0x3C, 0x00, 0x00,
    0xB8, 0x3C, 0x00, 0x00, 0xBB, 0x3C, 0x00, 0x00,
    0x22, 0x3D, 0x00, 0x00, 0x09, 0x00, 0x00, 0x00,
    0x0D, 0x00, 0x00, 0x00, 0x11, 0x00, 0x00, 0x00,
    0x19, 0x00, 0x00, 0x00, 0x1A, 0x00, 0x00, 0x00,
    0x1B, 0x00, 0x00, 0x00, 0x1C, 0x00, 0x00, 0x00,
    0x1D, 0x00, 0x00, 0x00, 0x1E, 0x00, 0x00, 0x00,
    0x1F, 0x00, 0x00, 0x00, 0x20, 0x00, 0x00, 0x00,
    0x21, 0x00, 0x00, 0x00, 0x22, 0x00, 0x00, 0x00,
    0x23, 0x00, 0x00, 0x00, 0x24, 0x00, 0x00, 0x00,
    0x25, 0x00, 0x00, 0x00, 0x26, 0x00, 0x00, 0x00,
    0x27, 0x00, 0x00, 0x00, 0x28, 0x00, 0x00, 0x00,
    0x29, 0x00, 0x00, 0x00, 0x2A, 0x00, 0x00, 0x00,
    0x2B, 0x00, 0x00, 0x00, 0x2C, 0x00, 0x00, 0x00,
    0x2D, 0x00, 0x00, 0x00, 0x2E, 0x00, 0x00, 0x00,
    0x2F, 0x00, 0x00, 0x00, 0x30, 0x00, 0x00, 0x00,
    0x31, 0x00, 0x00, 0x00, 0x32, 0x00, 0x00, 0x00,
    0x33, 0x00, 0x00, 0x00, 0x34, 0x00, 0x00, 0x00,
    0x35, 0x00, 0x00, 0x00, 0x36, 0x00, 0x00, 0x00,
    0x37, 0x00, 0x00, 0x00, 0x38, 0x00, 0x00, 0x00,
    0x39, 0x00, 0x00, 0x00, 0x3A, 0x00, 0x00, 0x00,
    0x3B, 0x00, 0x00, 0x00, 0x3C, 0x00, 0x00, 0x00,
    0x3D, 0x00, 0x00, 0x00, 0x3E, 0x00, 0x00, 0x00,
    0x3F, 0x00, 0x00, 0x00, 0x40, 0x00, 0x00, 0x00,
    0x41, 0x00, 0x00, 0x00, 0x42, 0x00, 0x00, 0x00,
    0x43, 0x00, 0x00, 0x00, 0x44, 0x00, 0x00, 0x00,
    0x45, 0x00, 0x00, 0x00, 0x46, 0x00, 0x00, 0x00,
    0x47, 0x00, 0x00, 0x00, 0x48, 0x00, 0x00, 0x00,
    0x49, 0x00, 0x00, 0x00, 0x4A, 0x00, 0x00, 0x00,
    0x4B, 0x00, 0x00, 0x00, 0x4C, 0x00, 0x00, 0x00,
    0x4D, 0x00, 0x00, 0x00, 0x4E, 0x00, 0x00, 0x00,
    0x4F, 0x00, 0x00, 0x00, 0x50, 0x00, 0x00, 0x00,
    0x51, 0x00, 0x00, 0x00, 0x52, 0x00, 0x00, 0x00,
    0x53, 0x00, 0x00, 0x00, 0x54, 0x00, 0x00, 0x00,
    0x55, 0x00, 0x00, 0x00, 0x56, 0x00, 0x00, 0x00,
    0x57, 0x00, 0x00, 0x00, 0x58, 0x00, 0x00, 0x00,
    0x59, 0x00, 0x00, 0x00, 0x5A, 0x00, 0x00, 0x00,
    0x5B, 0x00, 0x00, 0x00, 0x5C, 0x00, 0x00, 0x00,
    0x5D, 0x00, 0x00, 0x00, 0x5E, 0x00, 0x00, 0x00,
    0x5F, 0x00, 0x00, 0x00, 0x61, 0x00, 0x00, 0x00,
    0x62, 0x00, 0x00, 0x00, 0x6E, 0x00, 0x00, 0x00,
    0x7E, 0x00, 0x00, 0x00, 0x85, 0x00, 0x00, 0x00,
    0x09, 0x00, 0x00, 0x00, 0x00, 0x00, 0x00, 0x00,
    0x00, 0x00, 0x00, 0x00, 0x0D, 0x00, 0x00, 0x00,
    0x01, 0x00, 0x00, 0x00, 0x00, 0x00, 0x00, 0x00,
    0x0E, 0x00, 0x00, 0x00, 0x01, 0x00, 0x00, 0x00,
    0xB8, 0x26, 0x00, 0x00, 0x0F, 0x00, 0x00, 0x00,
    0x01, 0x00, 0x00, 0x00, 0xC0, 0x26, 0x00, 0x00,
    0x13, 0x00, 0x00, 0x00, 0x06, 0x00, 0x00, 0x00,
    0x00, 0x00, 0x00, 0x00, 0x17, 0x00, 0x00, 0x00,
    0x0D, 0x00, 0x00, 0x00, 0xC8, 0x26, 0x00, 0x00,
    0x13, 0x00, 0x00, 0x00, 0x0E, 0x00, 0x00, 0x00,
    0x00, 0x00, 0x00, 0x00, 0x13, 0x00, 0x00, 0x00,
    0x0F, 0x00, 0x00, 0x00, 0x00, 0x00, 0x00, 0x00,
    0x13, 0x00, 0x00, 0x00, 0x15, 0x00, 0x00, 0x00,
    0x00, 0x00, 0x00, 0x00, 0x13, 0x00, 0x00, 0x00,
    0x18, 0x00, 0x00, 0x00, 0x00, 0x00, 0x00, 0x00,
    0x13, 0x00, 0x00, 0x00, 0x19, 0x00, 0x00, 0x00,
    0x00, 0x00, 0x00, 0x00, 0x13, 0x00, 0x00, 0x00,
    0x1A, 0x00, 0x00, 0x00, 0x00, 0x00, 0x00, 0x00,
    0x14, 0x00, 0x00, 0x00, 0x1A, 0x00, 0x00, 0x00,
    0xD0, 0x26, 0x00, 0x00, 0x13, 0x00, 0x00, 0x00,
    0x1B, 0x00, 0x00, 0x00, 0x00, 0x00, 0x00, 0x00,
    0x13, 0x00, 0x00, 0x00, 0x1D, 0x00, 0x00, 0x00,
    0x00, 0x00, 0x00, 0x00, 0x17, 0x00, 0x00, 0x00,
    0x21, 0x00, 0x00, 0x00, 0xD8, 0x26, 0x00, 0x00,
    0x18, 0x00, 0x00, 0x00, 0x3F, 0x00, 0x00, 0x00,
    0xE0, 0x26, 0x00, 0x00, 0x14, 0x00, 0x00, 0x00,
    0x43, 0x00, 0x00, 0x00, 0xD0, 0x26, 0x00, 0x00,
    0x16, 0x00, 0x00, 0x00, 0x43, 0x00, 0x00, 0x00,
    0xE8, 0x26, 0x00, 0x00, 0x17, 0x00, 0x00, 0x00,
    0x43, 0x00, 0x00, 0x00, 0xF0, 0x26, 0x00, 0x00,
    0x13, 0x00, 0x00, 0x00, 0x45, 0x00, 0x00, 0x00,
    0x00, 0x00, 0x00, 0x00, 0x15, 0x00, 0x00, 0x00,
    0x45, 0x00, 0x00, 0x00, 0xB8, 0x26, 0x00, 0x00,
    0x17, 0x00, 0x00, 0x00, 0x46, 0x00, 0x00, 0x00,
    0xF0, 0x26, 0x00, 0x00, 0x6E, 0x00, 0x00, 0x00,
    0x4C, 0x00, 0x00, 0x00, 0x00, 0x00, 0x00, 0x00,
    0x6F, 0x00, 0x00, 0x00, 0x4C, 0x00, 0x00, 0x00,
    0xF8, 0x26, 0x00, 0x00, 0x70, 0x00, 0x00, 0x00,
    0x4C, 0x00, 0x00, 0x00, 0x00, 0x27, 0x00, 0x00,
    0x71, 0x00, 0x00, 0x00, 0x4C, 0x00, 0x00, 0x00,
    0xD0, 0x26, 0x00, 0x00, 0x72, 0x00, 0x00, 0x00,
    0x4C, 0x00, 0x00, 0x00, 0xB8, 0x26, 0x00, 0x00,
    0x73, 0x00, 0x00, 0x00, 0x4C, 0x00, 0x00, 0x00,
    0x0C, 0x27, 0x00, 0x00, 0x74, 0x00, 0x00, 0x00,
    0x4C, 0x00, 0x00, 0x00, 0x18, 0x27, 0x00, 0x00,
    0x75, 0x00, 0x00, 0x00, 0x4C, 0x00, 0x00, 0x00,
    0x28, 0x27, 0x00, 0x00, 0x79, 0x00, 0x00, 0x00,
    0x4C, 0x00, 0x00, 0x00, 0x38, 0x27, 0x00, 0x00,
    0x79, 0x00, 0x00, 0x00, 0x4C, 0x00, 0x00, 0x00,
    0x40, 0x27, 0x00, 0x00, 0x76, 0x00, 0x00, 0x00,
    0x4C, 0x00, 0x00, 0x00, 0x48, 0x27, 0x00, 0x00,
    0x79, 0x00, 0x00, 0x00, 0x4C, 0x00, 0x00, 0x00,
    0x50, 0x27, 0x00, 0x00, 0x76, 0x00, 0x00, 0x00,
    0x4C, 0x00, 0x00, 0x00, 0x58, 0x27, 0x00, 0x00,
    0x76, 0x00, 0x00, 0x00, 0x4C, 0x00, 0x00, 0x00,
    0x60, 0x27, 0x00, 0x00, 0x76, 0x00, 0x00, 0x00,
    0x4C, 0x00, 0x00, 0x00, 0xB0, 0x26, 0x00, 0x00,
    0x76, 0x00, 0x00, 0x00, 0x4C, 0x00, 0x00, 0x00,
    0x68, 0x27, 0x00, 0x00, 0x76, 0x00, 0x00, 0x00,
    0x4C, 0x00, 0x00, 0x00, 0x70, 0x27, 0x00, 0x00,
    0x76, 0x00, 0x00, 0x00, 0x4C, 0x00, 0x00, 0x00,
    0x78, 0x27, 0x00, 0x00, 0x76, 0x00, 0x00, 0x00,
    0x4C, 0x00, 0x00, 0x00, 0xA8, 0x26, 0x00, 0x00,
    0x76, 0x00, 0x00, 0x00, 0x4C, 0x00, 0x00, 0x00,
    0x80, 0x27, 0x00, 0x00, 0x76, 0x00, 0x00, 0x00,
    0x4C, 0x00, 0x00, 0x00, 0x88, 0x27, 0x00, 0x00,
    0x7A, 0x00, 0x00, 0x00, 0x4C, 0x00, 0x00, 0x00,
    0x90, 0x27, 0x00, 0x00, 0x76, 0x00, 0x00, 0x00,
    0x4C, 0x00, 0x00, 0x00, 0x9C, 0x27, 0x00, 0x00,
    0x79, 0x00, 0x00, 0x00, 0x4C, 0x00, 0x00, 0x00,
    0xA4, 0x27, 0x00, 0x00, 0x7C, 0x00, 0x00, 0x00,
    0x4C, 0x00, 0x00, 0x00, 0xAC, 0x27, 0x00, 0x00,
    0x76, 0x00, 0x00, 0x00, 0x4C, 0x00, 0x00, 0x00,
    0xB4, 0x27, 0x00, 0x00, 0x7B, 0x00, 0x00, 0x00,
    0x4C, 0x00, 0x00, 0x00, 0xBC, 0x27, 0x00, 0x00,
    0x76, 0x00, 0x00, 0x00, 0x4C, 0x00, 0x00, 0x00,
    0xC8, 0x26, 0x00, 0x00, 0x79, 0x00, 0x00, 0x00,
    0x4C, 0x00, 0x00, 0x00, 0xC8, 0x27, 0x00, 0x00,
    0x76, 0x00, 0x00, 0x00, 0x4C, 0x00, 0x00, 0x00,
    0xD0, 0x27, 0x00, 0x00, 0x78, 0x00, 0x00, 0x00,
    0x4C, 0x00, 0x00, 0x00, 0xD8, 0x27, 0x00, 0x00,
    0x76, 0x00, 0x00, 0x00, 0x4C, 0x00, 0x00, 0x00,
    0xA0, 0x26, 0x00, 0x00, 0x76, 0x00, 0x00, 0x00,
    0x4C, 0x00, 0x00, 0x00, 0xF0, 0x26, 0x00, 0x00,
    0x79, 0x00, 0x00, 0x00, 0x4C, 0x00, 0x00, 0x00,
    0xC0, 0x26, 0x00, 0x00, 0x76, 0x00, 0x00, 0x00,
    0x4C, 0x00, 0x00, 0x00, 0xE4, 0x27, 0x00, 0x00,
    0x77, 0x00, 0x00, 0x00, 0x4C, 0x00, 0x00, 0x00,
    0xEC, 0x27, 0x00, 0x00, 0x79, 0x00, 0x00, 0x00,
    0x4C, 0x00, 0x00, 0x00, 0xF8, 0x27, 0x00, 0x00,
    0x7D, 0x00, 0x00, 0x00, 0x4C, 0x00, 0x00, 0x00,
    0xE0, 0x26, 0x00, 0x00, 0x7E, 0x00, 0x00, 0x00,
    0x4D, 0x00, 0x00, 0x00, 0x00, 0x00, 0x00, 0x00,
    0x7F, 0x00, 0x00, 0x00, 0x4D, 0x00, 0x00, 0x00,
    0x00, 0x28, 0x00, 0x00, 0x80, 0x00, 0x00, 0x00,
    0x4D, 0x00, 0x00, 0x00, 0xB8, 0x26, 0x00, 0x00,
    0x81, 0x00, 0x00, 0x00, 0x4D, 0x00, 0x00, 0x00,
    0x0C, 0x28, 0x00, 0x00, 0x82, 0x00, 0x00, 0x00,
    0x4D, 0x00, 0x00, 0x00, 0x48, 0x27, 0x00, 0x00,
    0x83, 0x00, 0x00, 0x00, 0x4D, 0x00, 0x00, 0x00,
    0x14, 0x28, 0x00, 0x00, 0x82, 0x00, 0x00, 0x00,
    0x4D, 0x00, 0x00, 0x00, 0x1C, 0x28, 0x00, 0x00,
    0x82, 0x00, 0x00, 0x00, 0x4D, 0x00, 0x00, 0x00,
    0x24, 0x28, 0x00, 0x00, 0x83, 0x00, 0x00, 0x00,
    0x4D, 0x00, 0x00, 0x00, 0x2C, 0x28, 0x00, 0x00,
    0x82, 0x00, 0x00, 0x00, 0x4D, 0x00, 0x00, 0x00,
    0x34, 0x28, 0x00, 0x00, 0x82, 0x00, 0x00, 0x00,
    0x4D, 0x00, 0x00, 0x00, 0xA0, 0x26, 0x00, 0x00,
    0x84, 0x00, 0x00, 0x00, 0x4D, 0x00, 0x00, 0x00,
    0x3C, 0x28, 0x00, 0x00, 0x13, 0x00, 0x00, 0x00,
    0x4E, 0x00, 0x00, 0x00, 0x00, 0x00, 0x00, 0x00,
    0x06, 0x00, 0x01, 0x00, 0x01, 0x01, 0x00, 0x00,
    0x08, 0x00, 0x08, 0x00, 0x0A, 0x00, 0x00, 0x00,
    0x13, 0x00, 0x01, 0x00, 0xCB, 0x00, 0x00, 0x00,
    0x13, 0x00, 0x01, 0x00, 0x3D, 0x01, 0x00, 0x00,
    0x1E, 0x00, 0x01, 0x00, 0xC8, 0x00, 0x00, 0x00,
    0x1E, 0x00, 0x01, 0x00, 0xCA, 0x00, 0x00, 0x00,
    0x1E, 0x00, 0x0E, 0x00, 0x2E, 0x01, 0x00, 0x00,
    0x1E, 0x00, 0x01, 0x00, 0x32, 0x01, 0x00, 0x00,
    0x1E, 0x00, 0x01, 0x00, 0x3C, 0x01, 0x00, 0x00,
    0x1E, 0x00, 0x01, 0x00, 0x41, 0x01, 0x00, 0x00,
    0x1E, 0x00, 0x01, 0x00, 0x42, 0x01, 0x00, 0x00,
    0x25, 0x00, 0x01, 0x00, 0xC8, 0x00, 0x00, 0x00,
    0x27, 0x00, 0x3F, 0x00, 0x07, 0x00, 0x00, 0x00,
    0x28, 0x00, 0x29, 0x00, 0x2C, 0x01, 0x00, 0x00,
    0x29, 0x00, 0x45, 0x00, 0x6B, 0x00, 0x00, 0x00,
    0x2B, 0x00, 0x05, 0x00, 0xAD, 0x00, 0x00, 0x00,
    0x2C, 0x00, 0x03, 0x00, 0xAD, 0x00, 0x00, 0x00,
    0x2C, 0x00, 0x05, 0x00, 0xAE, 0x00, 0x00, 0x00,
    0x2E, 0x00, 0x35, 0x00, 0x2C, 0x01, 0x00, 0x00,
    0x2F, 0x00, 0x35, 0x00, 0x2C, 0x01, 0x00, 0x00,
    0x30, 0x00, 0x35, 0x00, 0x2C, 0x01, 0x00, 0x00,
    0x32, 0x00, 0x33, 0x00, 0x2C, 0x01, 0x00, 0x00,
    0x35, 0x00, 0x45, 0x00, 0x6B, 0x00, 0x00, 0x00,
    0x35, 0x00, 0x05, 0x00, 0xA4, 0x00, 0x00, 0x00,
    0x35, 0x00, 0x24, 0x00, 0xD3, 0x00, 0x00, 0x00,
    0x35, 0x00, 0x35, 0x00, 0xDF, 0x00, 0x00, 0x00,
    0x35, 0x00, 0x49, 0x00, 0x07, 0x01, 0x00, 0x00,
    0x35, 0x00, 0x44, 0x00, 0x08, 0x01, 0x00, 0x00,
    0x35, 0x00, 0x1F, 0x00, 0x09, 0x01, 0x00, 0x00,
    0x35, 0x00, 0x1E, 0x00, 0x0A, 0x01, 0x00, 0x00,
    0x35, 0x00, 0x0D, 0x00, 0x33, 0x01, 0x00, 0x00,
    0x37, 0x00, 0x01, 0x00, 0x89, 0x00, 0x00, 0x00,
    0x38, 0x00, 0x09, 0x00, 0xEF, 0x00, 0x00, 0x00,
    0x38, 0x00, 0x00, 0x00, 0x30, 0x01, 0x00, 0x00,
    0x38, 0x00, 0x00, 0x00, 0x31, 0x01, 0x00, 0x00,
    0x03, 0x00, 0x0C, 0x00, 0xAF, 0x00, 0x00, 0x00,
    0x03, 0x00, 0x13, 0x00, 0xBF, 0x00, 0x00, 0x00,
    0x03, 0x00, 0x0E, 0x00, 0xC1, 0x00, 0x00, 0x00,
    0x04, 0x00, 0x04, 0x00, 0xB5, 0x00, 0x00, 0x00,
    0x05, 0x00, 0x13, 0x00, 0xBF, 0x00, 0x00, 0x00,
    0x07, 0x00, 0x19, 0x00, 0xA9, 0x00, 0x00, 0x00,
    0x09, 0x00, 0x17, 0x00, 0x04, 0x00, 0x00, 0x00,
    0x09, 0x00, 0x1A, 0x00, 0x10, 0x01, 0x00, 0x00,
    0x09, 0x00, 0x24, 0x00, 0x1C, 0x01, 0x00, 0x00,
    0x0B, 0x00, 0x21, 0x00, 0x04, 0x00, 0x00, 0x00,
    0x0D, 0x00, 0x27, 0x00, 0x04, 0x00, 0x00, 0x00,
    0x0D, 0x00, 0x47, 0x00, 0xF1, 0x00, 0x00, 0x00,
    0x0D, 0x00, 0x48, 0x00, 0xF2, 0x00, 0x00, 0x00,
    0x0D, 0x00, 0x36, 0x00, 0xFE, 0x00, 0x00, 0x00,
    0x0F, 0x00, 0x07, 0x00, 0xB9, 0x00, 0x00, 0x00,
    0x0F, 0x00, 0x07, 0x00, 0xE0, 0x00, 0x00, 0x00,
    0x13, 0x00, 0x17, 0x00, 0x04, 0x00, 0x00, 0x00,
    0x14, 0x00, 0x03, 0x00, 0xA5, 0x00, 0x00, 0x00,
    0x14, 0x00, 0x03, 0x00, 0xAA, 0x00, 0x00, 0x00,
    0x14, 0x00, 0x03, 0x00, 0xCE, 0x00, 0x00, 0x00,
    0x14, 0x00, 0x03, 0x00, 0x36, 0x01, 0x00, 0x00,
    0x14, 0x00, 0x03, 0x00, 0x3B, 0x01, 0x00, 0x00,
    0x14, 0x00, 0x03, 0x00, 0x40, 0x01, 0x00, 0x00,
    0x15, 0x00, 0x2A, 0x00, 0xBD, 0x00, 0x00, 0x00,
    0x16, 0x00, 0x01, 0x00, 0xB1, 0x00, 0x00, 0x00,
    0x16, 0x00, 0x01, 0x00, 0xB7, 0x00, 0x00, 0x00,
    0x17, 0x00, 0x01, 0x00, 0xB1, 0x00, 0x00, 0x00,
    0x17, 0x00, 0x01, 0x00, 0xB2, 0x00, 0x00, 0x00,
    0x17, 0x00, 0x00, 0x00, 0xBB, 0x00, 0x00, 0x00,
    0x17, 0x00, 0x00, 0x00, 0xBC, 0x00, 0x00, 0x00,
    0x17, 0x00, 0x00, 0x00, 0xC3, 0x00, 0x00, 0x00,
    0x17, 0x00, 0x00, 0x00, 0xC4, 0x00, 0x00, 0x00,
    0x19, 0x00, 0x09, 0x00, 0xBE, 0x00, 0x00, 0x00,
    0x19, 0x00, 0x1A, 0x00, 0x16, 0x01, 0x00, 0x00,
    0x1A, 0x00, 0x21, 0x00, 0x04, 0x00, 0x00, 0x00,
    0x1A, 0x00, 0x22, 0x00, 0x04, 0x00, 0x00, 0x00,
    0x1A, 0x00, 0x06, 0x00, 0xC2, 0x00, 0x00, 0x00,
    0x1A, 0x00, 0x23, 0x00, 0xE5, 0x00, 0x00, 0x00,
    0x1A, 0x00, 0x44, 0x00, 0xEC, 0x00, 0x00, 0x00,
    0x1A, 0x00, 0x47, 0x00, 0xF1, 0x00, 0x00, 0x00,
    0x1C, 0x00, 0x2E, 0x00, 0x8C, 0x00, 0x00, 0x00,
    0x1D, 0x00, 0x0B, 0x00, 0xB3, 0x00, 0x00, 0x00,
    0x1E, 0x00, 0x1D, 0x00, 0x04, 0x00, 0x00, 0x00,
    0x1F, 0x00, 0x2E, 0x00, 0x8C, 0x00, 0x00, 0x00,
    0x1F, 0x00, 0x08, 0x00, 0xB4, 0x00, 0x00, 0x00,
    0x1F, 0x00, 0x2D, 0x00, 0x00, 0x01, 0x00, 0x00,
    0x1F, 0x00, 0x2E, 0x00, 0x35, 0x01, 0x00, 0x00,
    0x22, 0x00, 0x2F, 0x00, 0x04, 0x00, 0x00, 0x00,
    0x22, 0x00, 0x43, 0x00, 0x0C, 0x01, 0x00, 0x00,
    0x23, 0x00, 0x42, 0x00, 0xCD, 0x00, 0x00, 0x00,
    0x23, 0x00, 0x45, 0x00, 0x22, 0x01, 0x00, 0x00,
    0x24, 0x00, 0x21, 0x00, 0x04, 0x00, 0x00, 0x00,
    0x24, 0x00, 0x29, 0x00, 0x8B, 0x00, 0x00, 0x00,
    0x24, 0x00, 0x17, 0x00, 0x9E, 0x00, 0x00, 0x00,
    0x24, 0x00, 0x43, 0x00, 0xA7, 0x00, 0x00, 0x00,
    0x24, 0x00, 0x06, 0x00, 0xC2, 0x00, 0x00, 0x00,
    0x24, 0x00, 0x0F, 0x00, 0xE4, 0x00, 0x00, 0x00,
    0x24, 0x00, 0x40, 0x00, 0xE7, 0x00, 0x00, 0x00,
    0x24, 0x00, 0x3D, 0x00, 0x02, 0x01, 0x00, 0x00,
    0x24, 0x00, 0x18, 0x00, 0x0E, 0x01, 0x00, 0x00,
    0x24, 0x00, 0x1A, 0x00, 0x0F, 0x01, 0x00, 0x00,
    0x24, 0x00, 0x3C, 0x00, 0x14, 0x01, 0x00, 0x00,
    0x24, 0x00, 0x3C, 0x00, 0x15, 0x01, 0x00, 0x00,
    0x24, 0x00, 0x1A, 0x00, 0x17, 0x01, 0x00, 0x00,
    0x24, 0x00, 0x1A, 0x00, 0x18, 0x01, 0x00, 0x00,
    0x24, 0x00, 0x34, 0x00, 0x1D, 0x01, 0x00, 0x00,
    0x24, 0x00, 0x1A, 0x00, 0x1E, 0x01, 0x00, 0x00,
    0x24, 0x00, 0x1A, 0x00, 0x1F, 0x01, 0x00, 0x00,
    0x25, 0x00, 0x1B, 0x00, 0x04, 0x00, 0x00, 0x00,
    0x26, 0x00, 0x17, 0x00, 0x04, 0x00, 0x00, 0x00,
    0x26, 0x00, 0x26, 0x00, 0xE3, 0x00, 0x00, 0x00,
    0x27, 0x00, 0x17, 0x00, 0x03, 0x00, 0x00, 0x00,
    0x27, 0x00, 0x17, 0x00, 0x04, 0x00, 0x00, 0x00,
    0x27, 0x00, 0x38, 0x00, 0xA5, 0x00, 0x00, 0x00,
    0x27, 0x00, 0x38, 0x00, 0xAA, 0x00, 0x00, 0x00,
    0x27, 0x00, 0x38, 0x00, 0xCE, 0x00, 0x00, 0x00,
    0x27, 0x00, 0x38, 0x00, 0x36, 0x01, 0x00, 0x00,
    0x27, 0x00, 0x38, 0x00, 0x3B, 0x01, 0x00, 0x00,
    0x27, 0x00, 0x38, 0x00, 0x40, 0x01, 0x00, 0x00,
    0x28, 0x00, 0x30, 0x00, 0x04, 0x00, 0x00, 0x00,
    0x28, 0x00, 0x17, 0x00, 0x05, 0x01, 0x00, 0x00,
    0x29, 0x00, 0x17, 0x00, 0x03, 0x00, 0x00, 0x00,
    0x29, 0x00, 0x17, 0x00, 0x04, 0x00, 0x00, 0x00,
    0x29, 0x00, 0x0E, 0x00, 0xC1, 0x00, 0x00, 0x00,
    0x29, 0x00, 0x26, 0x00, 0xE3, 0x00, 0x00, 0x00,
    0x29, 0x00, 0x1A, 0x00, 0x11, 0x01, 0x00, 0x00,
    0x2A, 0x00, 0x17, 0x00, 0x04, 0x00, 0x00, 0x00,
    0x2A, 0x00, 0x17, 0x00, 0x05, 0x01, 0x00, 0x00,
    0x2B, 0x00, 0x21, 0x00, 0x04, 0x00, 0x00, 0x00,
    0x2B, 0x00, 0x17, 0x00, 0x05, 0x01, 0x00, 0x00,
    0x2C, 0x00, 0x1F, 0x00, 0x04, 0x00, 0x00, 0x00,
    0x2C, 0x00, 0x17, 0x00, 0x05, 0x01, 0x00, 0x00,
    0x2D, 0x00, 0x17, 0x00, 0x04, 0x00, 0x00, 0x00,
    0x2D, 0x00, 0x17, 0x00, 0x05, 0x01, 0x00, 0x00,
    0x2E, 0x00, 0x32, 0x00, 0x04, 0x00, 0x00, 0x00,
    0x2E, 0x00, 0x17, 0x00, 0x05, 0x01, 0x00, 0x00,
    0x2F, 0x00, 0x32, 0x00, 0x04, 0x00, 0x00, 0x00,
    0x2F, 0x00, 0x28, 0x00, 0x90, 0x00, 0x00, 0x00,
    0x2F, 0x00, 0x35, 0x00, 0x99, 0x00, 0x00, 0x00,
    0x2F, 0x00, 0x35, 0x00, 0xEB, 0x00, 0x00, 0x00,
    0x30, 0x00, 0x32, 0x00, 0x04, 0x00, 0x00, 0x00,
    0x30, 0x00, 0x33, 0x00, 0x04, 0x00, 0x00, 0x00,
    0x30, 0x00, 0x39, 0x00, 0xE6, 0x00, 0x00, 0x00,
    0x30, 0x00, 0x3A, 0x00, 0xE8, 0x00, 0x00, 0x00,
    0x30, 0x00, 0x3B, 0x00, 0xE9, 0x00, 0x00, 0x00,
    0x31, 0x00, 0x21, 0x00, 0x04, 0x00, 0x00, 0x00,
    0x31, 0x00, 0x0D, 0x00, 0xB8, 0x00, 0x00, 0x00,
    0x31, 0x00, 0x01, 0x00, 0xC0, 0x00, 0x00, 0x00,
    0x31, 0x00, 0x44, 0x00, 0xEC, 0x00, 0x00, 0x00,
    0x31, 0x00, 0x1A, 0x00, 0x1F, 0x01, 0x00, 0x00,
    0x31, 0x00, 0x1B, 0x00, 0x34, 0x01, 0x00, 0x00,
    0x32, 0x00, 0x31, 0x00, 0x04, 0x00, 0x00, 0x00,
    0x32, 0x00, 0x3F, 0x00, 0xA6, 0x00, 0x00, 0x00,
    0x32, 0x00, 0x43, 0x00, 0x0C, 0x01, 0x00, 0x00,
    0x33, 0x00, 0x21, 0x00, 0x04, 0x00, 0x00, 0x00,
    0x33, 0x00, 0x43, 0x00, 0xA7, 0x00, 0x00, 0x00,
    0x33, 0x00, 0x0F, 0x00, 0xE4, 0x00, 0x00, 0x00,
    0x33, 0x00, 0x40, 0x00, 0xE7, 0x00, 0x00, 0x00,
    0x35, 0x00, 0x05, 0x00, 0x01, 0x00, 0x00, 0x00,
    0x35, 0x00, 0x32, 0x00, 0x02, 0x00, 0x00, 0x00,
    0x35, 0x00, 0x17, 0x00, 0x03, 0x00, 0x00, 0x00,
    0x35, 0x00, 0x21, 0x00, 0x04, 0x00, 0x00, 0x00,
    0x35, 0x00, 0x17, 0x00, 0x9F, 0x00, 0x00, 0x00,
    0x35, 0x00, 0x0A, 0x00, 0xB6, 0x00, 0x00, 0x00,
    0x35, 0x00, 0x17, 0x00, 0xCC, 0x00, 0x00, 0x00,
    0x35, 0x00, 0x20, 0x00, 0xD2, 0x00, 0x00, 0x00,
    0x35, 0x00, 0x17, 0x00, 0xD7, 0x00, 0x00, 0x00,
    0x35, 0x00, 0x17, 0x00, 0xD8, 0x00, 0x00, 0x00,
    0x35, 0x00, 0x21, 0x00, 0xD9, 0x00, 0x00, 0x00,
    0x35, 0x00, 0x1F, 0x00, 0xDA, 0x00, 0x00, 0x00,
    0x35, 0x00, 0x44, 0x00, 0xEC, 0x00, 0x00, 0x00,
    0x35, 0x00, 0x1A, 0x00, 0xFF, 0x00, 0x00, 0x00,
    0x35, 0x00, 0x1E, 0x00, 0x12, 0x01, 0x00, 0x00,
    0x35, 0x00, 0x1A, 0x00, 0x13, 0x01, 0x00, 0x00,
    0x35, 0x00, 0x3C, 0x00, 0x19, 0x01, 0x00, 0x00,
    0x35, 0x00, 0x1A, 0x00, 0x1A, 0x01, 0x00, 0x00,
    0x35, 0x00, 0x25, 0x00, 0x1B, 0x01, 0x00, 0x00,
    0x35, 0x00, 0x3C, 0x00, 0x20, 0x01, 0x00, 0x00,
    0x35, 0x00, 0x17, 0x00, 0x21, 0x01, 0x00, 0x00,
    0x35, 0x00, 0x21, 0x00, 0x25, 0x01, 0x00, 0x00,
    0x35, 0x00, 0x17, 0x00, 0x26, 0x01, 0x00, 0x00,
    0x35, 0x00, 0x41, 0x00, 0x28, 0x01, 0x00, 0x00,
    0x35, 0x00, 0x17, 0x00, 0x2A, 0x01, 0x00, 0x00,
    0x36, 0x00, 0x17, 0x00, 0x04, 0x00, 0x00, 0x00,
    0x36, 0x00, 0x17, 0x00, 0x08, 0x00, 0x00, 0x00,
    0x36, 0x00, 0x49, 0x00, 0x0C, 0x00, 0x00, 0x00,
    0x36, 0x00, 0x37, 0x00, 0x6D, 0x00, 0x00, 0x00,
    0x36, 0x00, 0x3E, 0x00, 0xC9, 0x00, 0x00, 0x00,
    0x36, 0x00, 0x39, 0x00, 0xE6, 0x00, 0x00, 0x00,
    0x36, 0x00, 0x3A, 0x00, 0xE8, 0x00, 0x00, 0x00,
    0x36, 0x00, 0x2C, 0x00, 0xE9, 0x00, 0x00, 0x00,
    0x36, 0x00, 0x2B, 0x00, 0xEA, 0x00, 0x00, 0x00,
    0x38, 0x00, 0x22, 0x00, 0x04, 0x00, 0x00, 0x00,
    0x38, 0x00, 0x17, 0x00, 0xD1, 0x00, 0x00, 0x00,
    0x38, 0x00, 0x17, 0x00, 0xD5, 0x00, 0x00, 0x00,
    0x38, 0x00, 0x23, 0x00, 0xE5, 0x00, 0x00, 0x00,
    0x38, 0x00, 0x44, 0x00, 0xEC, 0x00, 0x00, 0x00,
    0x3F, 0x00, 0x3D, 0x00, 0x9A, 0x00, 0x00, 0x00,
    0x3F, 0x00, 0x10, 0x00, 0x39, 0x01, 0x00, 0x00,
    0x41, 0x00, 0x14, 0x00, 0xBA, 0x00, 0x00, 0x00,
    0x42, 0x00, 0x02, 0x00, 0xDE, 0x00, 0x00, 0x00,
    0x43, 0x00, 0x17, 0x00, 0x04, 0x00, 0x00, 0x00,
    0x43, 0x00, 0x14, 0x00, 0x2D, 0x01, 0x00, 0x00,
    0x45, 0x00, 0x15, 0x00, 0x27, 0x01, 0x00, 0x00,
    0x46, 0x00, 0x17, 0x00, 0x04, 0x00, 0x00, 0x00,
    0x46, 0x00, 0x16, 0x00, 0x92, 0x00, 0x00, 0x00,
    0x46, 0x00, 0x14, 0x00, 0x2D, 0x01, 0x00, 0x00,
    0x47, 0x00, 0x37, 0x00, 0xDC, 0x00, 0x00, 0x00,
    0x48, 0x00, 0x17, 0x00, 0x04, 0x00, 0x00, 0x00,
    0x49, 0x00, 0x46, 0x00, 0x8A, 0x00, 0x00, 0x00,
    0x49, 0x00, 0x11, 0x00, 0xB0, 0x00, 0x00, 0x00,
    0x49, 0x00, 0x11, 0x00, 0xFD, 0x00, 0x00, 0x00,
    0x49, 0x00, 0x12, 0x00, 0x0D, 0x01, 0x00, 0x00,
    0x49, 0x00, 0x01, 0x00, 0x23, 0x01, 0x00, 0x00,
    0x4B, 0x00, 0x1A, 0x00, 0xC6, 0x00, 0x00, 0x00,
    0x4B, 0x00, 0x1C, 0x00, 0xC7, 0x00, 0x00, 0x00,
    0x27, 0x00, 0x00, 0x00, 0x01, 0x04, 0x00, 0x00,
    0x43, 0x00, 0x00, 0x00, 0x00, 0x00, 0x00, 0x00,
    0x63, 0x00, 0x00, 0x00, 0x00, 0x00, 0x00, 0x00,
    0x80, 0x41, 0x00, 0x00, 0x00, 0x00, 0x00, 0x00,
    0x28, 0x00, 0x00, 0x00, 0x00, 0x00, 0x00, 0x00,
    0x43, 0x00, 0x00, 0x00, 0xA0, 0x26, 0x00, 0x00,
    0x65, 0x00, 0x00, 0x00, 0xCC, 0x43, 0x00, 0x00,
    0xAA, 0x41, 0x00, 0x00, 0x00, 0x00, 0x00, 0x00,
    0x29, 0x00, 0x00, 0x00, 0x01, 0x00, 0x00, 0x00,
    0x26, 0x00, 0x00, 0x00, 0x00, 0x00, 0x00, 0x00,
    0x65, 0x00, 0x00, 0x00, 0x00, 0x00, 0x00, 0x00,
    0xBB, 0x41, 0x00, 0x00, 0x4A, 0x43, 0x00, 0x00,
    0x2A, 0x00, 0x00, 0x00, 0x11, 0x10, 0x00, 0x00,
    0x43, 0x00, 0x00, 0x00, 0xA0, 0x26, 0x00, 0x00,
    0x06, 0x00, 0x00, 0x00, 0x00, 0x00, 0x00, 0x00,
    0xD1, 0x41, 0x00, 0x00, 0x00, 0x00, 0x00, 0x00,
    0x2B, 0x00, 0x00, 0x00, 0x11, 0x10, 0x00, 0x00,
    0x43, 0x00, 0x00, 0x00, 0xA0, 0x26, 0x00, 0x00,
    0x06, 0x00, 0x00, 0x00, 0x00, 0x00, 0x00, 0x00,
    0xDF, 0x41, 0x00, 0x00, 0x00, 0x00, 0x00, 0x00,
    0x2C, 0x00, 0x00, 0x00, 0x11, 0x10, 0x00, 0x00,
    0x43, 0x00, 0x00, 0x00, 0xA0, 0x26, 0x00, 0x00,
    0x06, 0x00, 0x00, 0x00, 0x00, 0x00, 0x00, 0x00,
    0xF0, 0x41, 0x00, 0x00, 0x00, 0x00, 0x00, 0x00,
    0x2D, 0x00, 0x00, 0x00, 0x11, 0x10, 0x00, 0x00,
    0x43, 0x00, 0x00, 0x00, 0xA0, 0x26, 0x00, 0x00,
    0x06, 0x00, 0x00, 0x00, 0x00, 0x00, 0x00, 0x00,
    0x04, 0x42, 0x00, 0x00, 0x00, 0x00, 0x00, 0x00,
    0x2E, 0x00, 0x00, 0x00, 0x00, 0x00, 0x00, 0x00,
    0x43, 0x00, 0x00, 0x00, 0xA0, 0x26, 0x00, 0x00,
    0x67, 0x00, 0x00, 0x00, 0xE4, 0x43, 0x00, 0x00,
    0x12, 0x42, 0x00, 0x00, 0x00, 0x00, 0x00, 0x00,
    0x2F, 0x00, 0x00, 0x00, 0x00, 0x00, 0x00, 0x00,
    0x43, 0x00, 0x00, 0x00, 0xA8, 0x26, 0x00, 0x00,
    0x67, 0x00, 0x00, 0x00, 0xFC, 0x43, 0x00, 0x00,
    0x23, 0x42, 0x00, 0x00, 0x00, 0x00, 0x00, 0x00,
    0x30, 0x00, 0x00, 0x00, 0x00, 0x00, 0x00, 0x00,
    0x43, 0x00, 0x00, 0x00, 0xB0, 0x26, 0x00, 0x00,
    0x67, 0x00, 0x00, 0x00, 0x14, 0x44, 0x00, 0x00,
    0x3C, 0x42, 0x00, 0x00, 0x00, 0x00, 0x00, 0x00,
    0x31, 0x00, 0x00, 0x00, 0x00, 0x00, 0x00, 0x00,
    0x1A, 0x00, 0x00, 0x00, 0x00, 0x00, 0x00, 0x00,
    0x67, 0x00, 0x00, 0x00, 0x2C, 0x44, 0x00, 0x00,
    0x5B, 0x42, 0x00, 0x00, 0x00, 0x00, 0x00, 0x00,
    0x32, 0x00, 0x00, 0x00, 0x00, 0x00, 0x00, 0x00,
    0x22, 0x00, 0x00, 0x00, 0x00, 0x00, 0x00, 0x00,
    0x67, 0x00, 0x00, 0x00, 0x3C, 0x44, 0x00, 0x00,
    0x6D, 0x42, 0x00, 0x00, 0x00, 0x00, 0x00, 0x00,
    0x33, 0x00, 0x00, 0x00, 0x01, 0x00, 0x00, 0x00,
    0x24, 0x00, 0x00, 0x00, 0x00, 0x00, 0x00, 0x00,
    0x67, 0x00, 0x00, 0x00, 0x54, 0x44, 0x00, 0x00,
    0x82, 0x42, 0x00, 0x00, 0x00, 0x00, 0x00, 0x00,
    0x34, 0x00, 0x00, 0x00, 0x11, 0x10, 0x00, 0x00,
    0x43, 0x00, 0x00, 0x00, 0x00, 0x00, 0x00, 0x00,
    0x06, 0x00, 0x00, 0x00, 0x00, 0x00, 0x00, 0x00,
    0x00, 0x00, 0x00, 0x00, 0x00, 0x00, 0x00, 0x00,
    0x35, 0x00, 0x00, 0x00, 0x01, 0x00, 0x00, 0x00,
    0x0B, 0x00, 0x00, 0x00, 0x00, 0x00, 0x00, 0x00,
    0x67, 0x00, 0x00, 0x00, 0x64, 0x44, 0x00, 0x00,
    0x98, 0x42, 0x00, 0x00, 0x4D, 0x43, 0x00, 0x00,
    0x36, 0x00, 0x00, 0x00, 0x01, 0x00, 0x00, 0x00,
    0x43, 0x00, 0x00, 0x00, 0x00, 0x00, 0x00, 0x00,
    0x68, 0x00, 0x00, 0x00, 0x00, 0x00, 0x00, 0x00,
    0x01, 0x43, 0x00, 0x00, 0x00, 0x00, 0x00, 0x00,
    0x38, 0x00, 0x00, 0x00, 0x01, 0x00, 0x00, 0x00,
    0x1A, 0x00, 0x00, 0x00, 0x00, 0x00, 0x00, 0x00,
    0x6C, 0x00, 0x00, 0x00, 0x00, 0x00, 0x00, 0x00,
    0x2C, 0x43, 0x00, 0x00, 0x00, 0x00, 0x00, 0x00,
    0x01, 0x00, 0x00, 0x00, 0x01, 0x00, 0x00, 0x00,
    0x5E, 0x22, 0x00, 0x00, 0x08, 0x00, 0x00, 0x00,
    0x12, 0x10, 0x71, 0x10, 0x9E, 0x00, 0x00, 0x00,
    0x0C, 0x00, 0x69, 0x00, 0x0C, 0x00, 0x0E, 0x00,
    0x01, 0x00, 0x01, 0x00, 0x01, 0x00, 0x00, 0x00,
    0x62, 0x22, 0x00, 0x00, 0x04, 0x00, 0x00, 0x00,
    0x70, 0x10, 0xA1, 0x00, 0x00, 0x00, 0x0E, 0x00,
    0x03, 0x00, 0x02, 0x00, 0x02, 0x00, 0x00, 0x00,
    0x66, 0x22, 0x00, 0x00, 0x0C, 0x00, 0x00, 0x00,
    0x62, 0x00, 0x0C, 0x00, 0x6E, 0x10, 0x9D, 0x00,
    0x00, 0x00, 0x0A, 0x00, 0x38, 0x00, 0x05, 0x00,
    0x71, 0x20, 0x11, 0x00, 0x21, 0x00, 0x0E, 0x00,
    0x03, 0x00, 0x02, 0x00, 0x02, 0x00, 0x00, 0x00,
    0x70, 0x22, 0x00, 0x00, 0x0C, 0x00, 0x00, 0x00,
    0x62, 0x00, 0x0C, 0x00, 0x6E, 0x10, 0x9D, 0x00,
    0x00, 0x00, 0x0A, 0x00, 0x38, 0x00, 0x05, 0x00,
    0x71, 0x20, 0x12, 0x00, 0x21, 0x00, 0x0E, 0x00,
    0x03, 0x00, 0x02, 0x00, 0x02, 0x00, 0x00, 0x00,
    0x7A, 0x22, 0x00, 0x00, 0x0C, 0x00, 0x00, 0x00,
    0x62, 0x00, 0x0C, 0x00, 0x6E, 0x10, 0x9D, 0x00,
    0x00, 0x00, 0x0A, 0x00, 0x38, 0x00, 0x05, 0x00,
    0x71, 0x20, 0x13, 0x00, 0x21, 0x00, 0x0E, 0x00,
    0x03, 0x00, 0x02, 0x00, 0x02, 0x00, 0x00, 0x00,
    0x84, 0x22, 0x00, 0x00, 0x0C, 0x00, 0x00, 0x00,
    0x62, 0x00, 0x0C, 0x00, 0x6E, 0x10, 0x9D, 0x00,
    0x00, 0x00, 0x0A, 0x00, 0x38, 0x00, 0x05, 0x00,
    0x71, 0x20, 0x14, 0x00, 0x21, 0x00, 0x0E, 0x00,
    0x03, 0x00, 0x02, 0x00, 0x02, 0x00, 0x00, 0x00,
    0x8E, 0x22, 0x00, 0x00, 0x0C, 0x00, 0x00, 0x00,
    0x62, 0x00, 0x0C, 0x00, 0x6E, 0x10, 0x9D, 0x00,
    0x00, 0x00, 0x0A, 0x00, 0x38, 0x00, 0x05, 0x00,
    0x71, 0x20, 0x15, 0x00, 0x21, 0x00, 0x0E, 0x00,
    0x03, 0x00, 0x02, 0x00, 0x02, 0x00, 0x00, 0x00,
    0x98, 0x22, 0x00, 0x00, 0x0C, 0x00, 0x00, 0x00,
    0x62, 0x00, 0x0C, 0x00, 0x6E, 0x10, 0x9D, 0x00,
    0x00, 0x00, 0x0A, 0x00, 0x38, 0x00, 0x05, 0x00,
    0x71, 0x20, 0x16, 0x00, 0x21, 0x00, 0x0E, 0x00,
    0x02, 0x00, 0x02, 0x00, 0x01, 0x00, 0x00, 0x00,
    0xA2, 0x22, 0x00, 0x00, 0x06, 0x00, 0x00, 0x00,
    0x5B, 0x01, 0x0D, 0x00, 0x70, 0x10, 0xA1, 0x00,
    0x00, 0x00, 0x0E, 0x00, 0x02, 0x00, 0x01, 0x00,
    0x01, 0x00, 0x00, 0x00, 0xA8, 0x22, 0x00, 0x00,
    0x06, 0x00, 0x00, 0x00, 0x54, 0x10, 0x0D, 0x00,
    0x71, 0x10, 0x8B, 0x00, 0x00, 0x00, 0x0E, 0x00,
    0x01, 0x00, 0x00, 0x00, 0x01, 0x00, 0x00, 0x00,
    0xAD, 0x22, 0x00, 0x00, 0x06, 0x00, 0x00, 0x00,
    0x1A, 0x00, 0x12, 0x00, 0x71, 0x10, 0xA7, 0x00,
    0x00, 0x00, 0x0E, 0x00, 0x01, 0x00, 0x01, 0x00,
    0x01, 0x00, 0x00, 0x00, 0xB2, 0x22, 0x00, 0x00,
    0x04, 0x00, 0x00, 0x00, 0x70, 0x10, 0x45, 0x00,
    0x00, 0x00, 0x0E, 0x00, 0x04, 0x00, 0x02, 0x00,
    0x02, 0x00, 0x00, 0x00, 0xB6, 0x22, 0x00, 0x00,
    0x19, 0x00, 0x00, 0x00, 0x6F, 0x20, 0x46, 0x00,
    0x32, 0x00, 0x60, 0x00, 0x1F, 0x00, 0x6E, 0x20,
    0x55, 0x00, 0x02, 0x00, 0x6E, 0x10, 0x53, 0x00,
    0x02, 0x00, 0x0C, 0x00, 0x6E, 0x10, 0x29, 0x00,
    0x00, 0x00, 0x0C, 0x00, 0x22, 0x01, 0x28, 0x00,
    0x70, 0x20, 0x4F, 0x00, 0x21, 0x00, 0x6E, 0x20,
    0x27, 0x00, 0x10, 0x00, 0x0E, 0x00, 0x00, 0x00,
    0x01, 0x00, 0x01, 0x00, 0x01, 0x00, 0x00, 0x00,
    0xC1, 0x22, 0x00, 0x00, 0x04, 0x00, 0x00, 0x00,
    0x70, 0x10, 0xA1, 0x00, 0x00, 0x00, 0x0E, 0x00,
    0x01, 0x00, 0x01, 0x00, 0x00, 0x00, 0x00, 0x00,
    0xC1, 0x22, 0x00, 0x00, 0x04, 0x00, 0x00, 0x00,
    0x71, 0x00, 0x7F, 0x00, 0x00, 0x00, 0x0E, 0x00,
    0x02, 0x00, 0x02, 0x00, 0x01, 0x00, 0x00, 0x00,
    0xC5, 0x22, 0x00, 0x00, 0x06, 0x00, 0x00, 0x00,
    0x70, 0x10, 0xA1, 0x00, 0x00, 0x00, 0x5B, 0x01,
    0x0F, 0x00, 0x0E, 0x00, 0x02, 0x00, 0x01, 0x00,
    0x01, 0x00, 0x00, 0x00, 0xC1, 0x22, 0x00, 0x00,
    0x06, 0x00, 0x00, 0x00, 0x54, 0x10, 0x0F, 0x00,
    0x71, 0x10, 0x80, 0x00, 0x00, 0x00, 0x0E, 0x00,
    0x03, 0x00, 0x03, 0x00, 0x01, 0x00, 0x00, 0x00,
    0xCA, 0x22, 0x00, 0x00, 0x08, 0x00, 0x00, 0x00,
    0x70, 0x10, 0xA1, 0x00, 0x00, 0x00, 0x5B, 0x01,
    0x10, 0x00, 0x5B, 0x02, 0x11, 0x00, 0x0E, 0x00,
    0x03, 0x00, 0x01, 0x00, 0x02, 0x00, 0x00, 0x00,
    0xC1, 0x22, 0x00, 0x00, 0x08, 0x00, 0x00, 0x00,
    0x54, 0x20, 0x10, 0x00, 0x54, 0x21, 0x11, 0x00,
    0x71, 0x20, 0x81, 0x00, 0x10, 0x00, 0x0E, 0x00,
    0x01, 0x00, 0x01, 0x00, 0x01, 0x00, 0x00, 0x00,
    0xC1, 0x22, 0x00, 0x00, 0x04, 0x00, 0x00, 0x00,
    0x70, 0x10, 0xA1, 0x00, 0x00, 0x00, 0x0E, 0x00,
    0x01, 0x00, 0x01, 0x00, 0x00, 0x00, 0x00, 0x00,
    0xC1, 0x22, 0x00, 0x00, 0x04, 0x00, 0x00, 0x00,
    0x71, 0x00, 0x7E, 0x00, 0x00, 0x00, 0x0E, 0x00,
    0x02, 0x00, 0x02, 0x00, 0x01, 0x00, 0x00, 0x00,
    0xD0, 0x22, 0x00, 0x00, 0x06, 0x00, 0x00, 0x00,
    0x5B, 0x01, 0x12, 0x00, 0x70, 0x10, 0xA1, 0x00,
    0x00, 0x00, 0x0E, 0x00, 0x04, 0x00, 0x01, 0x00,
    0x04, 0x00, 0x00, 0x00, 0xD6, 0x22, 0x00, 0x00,
    0x11, 0x00, 0x00, 0x00, 0x54, 0x30, 0x12, 0x00,
    0x71, 0x10, 0x77, 0x00, 0x00, 0x00, 0x54, 0x30,
    0x12, 0x00, 0x71, 0x10, 0x76, 0x00, 0x00, 0x00,
    0x0C, 0x00, 0x16, 0x01, 0x10, 0x00, 0x6E, 0x40,
    0x0C, 0x00, 0x30, 0x21, 0x0E, 0x00, 0x00, 0x00,
    0x02, 0x00, 0x02, 0x00, 0x01, 0x00, 0x00, 0x00,
    0xDC, 0x22, 0x00, 0x00, 0x06, 0x00, 0x00, 0x00,
    0x5B, 0x01, 0x13, 0x00, 0x70, 0x10, 0xA1, 0x00,
    0x00, 0x00, 0x0E, 0x00, 0x02, 0x00, 0x02, 0x00,
    0x00, 0x00, 0x00, 0x00, 0xE3, 0x22, 0x00, 0x00,
    0x01, 0x00, 0x00, 0x00, 0x0E, 0x00, 0x00, 0x00,
    0x05, 0x00, 0x05, 0x00, 0x00, 0x00, 0x00, 0x00,
    0xEA, 0x22, 0x00, 0x00, 0x01, 0x00, 0x00, 0x00,
    0x0E, 0x00, 0x00, 0x00, 0x07, 0x00, 0x05, 0x00,
    0x03, 0x00, 0x00, 0x00, 0xF7, 0x22, 0x00, 0x00,
    0x10, 0x00, 0x00, 0x00, 0x3D, 0x06, 0x0F, 0x00,
    0x6E, 0x10, 0xA2, 0x00, 0x03, 0x00, 0x0C, 0x00,
    0x90, 0x01, 0x04, 0x06, 0x6E, 0x30, 0xA3, 0x00,
    0x40, 0x01, 0x0C, 0x00, 0x71, 0x10, 0x92, 0x00,
    0x00, 0x00, 0x0E, 0x00, 0x02, 0x00, 0x02, 0x00,
    0x01, 0x00, 0x00, 0x00, 0x0E, 0x23, 0x00, 0x00,
    0x06, 0x00, 0x00, 0x00, 0x5B, 0x01, 0x14, 0x00,
    0x70, 0x10, 0xA1, 0x00, 0x00, 0x00, 0x0E, 0x00,
    0x03, 0x00, 0x03, 0x00, 0x02, 0x00, 0x00, 0x00,
    0x00, 0x00, 0x00, 0x00, 0x04, 0x00, 0x00, 0x00,
    0x70, 0x20, 0x64, 0x00, 0x10, 0x00, 0x0E, 0x00,
    0x03, 0x00, 0x02, 0x00, 0x02, 0x00, 0x00, 0x00,
    0x14, 0x23, 0x00, 0x00, 0x09, 0x00, 0x00, 0x00,
    0x13, 0x00, 0x00, 0x41, 0x72, 0x20, 0xAE, 0x00,
    0x02, 0x00, 0x71, 0x10, 0x94, 0x00, 0x02, 0x00,
    0x0E, 0x00, 0x00, 0x00, 0x05, 0x00, 0x04, 0x00,
    0x05, 0x00, 0x00, 0x00, 0x1D, 0x23, 0x00, 0x00,
    0x08, 0x00, 0x00, 0x00, 0x12, 0x00, 0x72, 0x54,
    0xAF, 0x00, 0x02, 0x30, 0x71, 0x30, 0x95, 0x00,
    0x32, 0x04, 0x0E, 0x00, 0x04, 0x00, 0x03, 0x00,
    0x03, 0x00, 0x00, 0x00, 0x2A, 0x23, 0x00, 0x00,
    0x0E, 0x00, 0x00, 0x00, 0x54, 0x10, 0x14, 0x00,
    0x6E, 0x10, 0x7B, 0x00, 0x00, 0x00, 0x0C, 0x00,
    0x72, 0x10, 0x20, 0x00, 0x00, 0x00, 0x0C, 0x00,
    0x71, 0x30, 0x96, 0x00, 0x20, 0x03, 0x0E, 0x00,
    0x06, 0x00, 0x02, 0x00, 0x03, 0x00, 0x00, 0x00,
    0x34, 0x23, 0x00, 0x00, 0x11, 0x00, 0x00, 0x00,
    0x6E, 0x10, 0x1B, 0x00, 0x05, 0x00, 0x0A, 0x00,
    0x6E, 0x10, 0x1C, 0x00, 0x05, 0x00, 0x0A, 0x01,
    0x6E, 0x10, 0x1D, 0x00, 0x05, 0x00, 0x0A, 0x02,
    0x71, 0x30, 0x93, 0x00, 0x21, 0x00, 0x12, 0x13,
    0x0F, 0x03, 0x00, 0x00, 0x02, 0x00, 0x02, 0x00,
    0x02, 0x00, 0x00, 0x00, 0x4D, 0x23, 0x00, 0x00,
    0x04, 0x00, 0x00, 0x00, 0x70, 0x20, 0x22, 0x00,
    0x10, 0x00, 0x0E, 0x00, 0x03, 0x00, 0x03, 0x00,
    0x00, 0x00, 0x00, 0x00, 0x54, 0x23, 0x00, 0x00,
    0x01, 0x00, 0x00, 0x00, 0x0E, 0x00, 0x00, 0x00,
    0x04, 0x00, 0x03, 0x00, 0x00, 0x00, 0x00, 0x00,
    0x5C, 0x23, 0x00, 0x00, 0x0B, 0x00, 0x00, 0x00,
    0x12, 0x00, 0x35, 0x20, 0x08, 0x00, 0x71, 0x00,
    0x90, 0x00, 0x00, 0x00, 0xD8, 0x00, 0x00, 0x01,
    0x28, 0xF9, 0x12, 0x10, 0x0F, 0x00, 0x00, 0x00,
    0x04, 0x00, 0x02, 0x00, 0x02, 0x00, 0x00, 0x00,
    0x6F, 0x23, 0x00, 0x00, 0x18, 0x00, 0x00, 0x00,
    0x6E, 0x10, 0x19, 0x00, 0x03, 0x00, 0x0A, 0x00,
    0x13, 0x01, 0x43, 0x00, 0x33, 0x10, 0x0D, 0x00,
    0x6E, 0x10, 0x18, 0x00, 0x03, 0x00, 0x0A, 0x00,
    0x39, 0x00, 0x07, 0x00, 0x71, 0x00, 0x90, 0x00,
    0x00, 0x00, 0x12, 0x10, 0x0F, 0x00, 0x6F, 0x20,
    0x30, 0x00, 0x32, 0x00, 0x0A, 0x00, 0x0F, 0x00,
    0x04, 0x00, 0x04, 0x00, 0x03, 0x00, 0x00, 0x00,
    0x79, 0x23, 0x00, 0x00, 0x06, 0x00, 0x00, 0x00,
    0x5B, 0x01, 0x15, 0x00, 0x70, 0x30, 0x2F, 0x00,
    0x20, 0x03, 0x0E, 0x00, 0x05, 0x00, 0x02, 0x00,
    0x04, 0x00, 0x00, 0x00, 0x84, 0x23, 0x00, 0x00,
    0x0F, 0x00, 0x00, 0x00, 0x6F, 0x20, 0x38, 0x00,
    0x43, 0x00, 0x0C, 0x00, 0x39, 0x00, 0x04, 0x00,
    0x12, 0x01, 0x11, 0x01, 0x22, 0x01, 0x32, 0x00,
    0x12, 0x12, 0x70, 0x40, 0x6F, 0x00, 0x31, 0x20,
    0x11, 0x01, 0x00, 0x00, 0x04, 0x00, 0x02, 0x00,
    0x02, 0x00, 0x00, 0x00, 0x92, 0x23, 0x00, 0x00,
    0x18, 0x00, 0x00, 0x00, 0x6E, 0x10, 0x19, 0x00,
    0x03, 0x00, 0x0A, 0x00, 0x13, 0x01, 0x43, 0x00,
    0x33, 0x10, 0x0D, 0x00, 0x6E, 0x10, 0x18, 0x00,
    0x03, 0x00, 0x0A, 0x00, 0x39, 0x00, 0x07, 0x00,
    0x71, 0x00, 0x90, 0x00, 0x00, 0x00, 0x12, 0x10,
    0x0F, 0x00, 0x6F, 0x20, 0x36, 0x00, 0x32, 0x00,
    0x0A, 0x00, 0x0F, 0x00, 0x04, 0x00, 0x03, 0x00,
    0x03, 0x00, 0x00, 0x00, 0x9C, 0x23, 0x00, 0x00,
    0x14, 0x00, 0x00, 0x00, 0x13, 0x00, 0x43, 0x00,
    0x33, 0x02, 0x0D, 0x00, 0x6E, 0x10, 0x18, 0x00,
    0x03, 0x00, 0x0A, 0x00, 0x39, 0x00, 0x07, 0x00,
    0x71, 0x00, 0x90, 0x00, 0x00, 0x00, 0x12, 0x10,
    0x0F, 0x00, 0x6F, 0x30, 0x39, 0x00, 0x21, 0x03,
    0x0A, 0x00, 0x0F, 0x00, 0x02, 0x00, 0x02, 0x00,
    0x02, 0x00, 0x00, 0x00, 0xA8, 0x23, 0x00, 0x00,
    0x04, 0x00, 0x00, 0x00, 0x70, 0x20, 0x33, 0x00,
    0x10, 0x00, 0x0E, 0x00, 0x01, 0x00, 0x01, 0x00,
    0x00, 0x00, 0x00, 0x00, 0x00, 0x00, 0x00, 0x00,
    0x03, 0x00, 0x00, 0x00, 0x54, 0x00, 0x1E, 0x00,
    0x11, 0x00, 0x00, 0x00, 0x03, 0x00, 0x02, 0x00,
    0x00, 0x00, 0x00, 0x00, 0xAF, 0x23, 0x00, 0x00,
    0x02, 0x00, 0x00, 0x00, 0x12, 0x00, 0x0F, 0x00,
    0x05, 0x00, 0x01, 0x00, 0x02, 0x00, 0x00, 0x00,
    0xB6, 0x23, 0x00, 0x00, 0x16, 0x00, 0x00, 0x00,
    0x1A, 0x00, 0x88, 0x00, 0x6E, 0x20, 0x04, 0x00,
    0x04, 0x00, 0x0C, 0x00, 0x1F, 0x00, 0x04, 0x00,
    0x6E, 0x10, 0x03, 0x00, 0x00, 0x00, 0x0C, 0x01,
    0x52, 0x12, 0x00, 0x00, 0x15, 0x03, 0x03, 0x00,
    0x34, 0x32, 0x04, 0x00, 0x12, 0x12, 0x28, 0x02,
    0x12, 0x02, 0x0F, 0x02, 0x01, 0x00, 0x01, 0x00,
    0x01, 0x00, 0x00, 0x00, 0x00, 0x00, 0x00, 0x00,
    0x04, 0x00, 0x00, 0x00, 0x70, 0x10, 0x8E, 0x00,
    0x00, 0x00, 0x0E, 0x00, 0x01, 0x00, 0x00, 0x00,
    0x01, 0x00, 0x00, 0x00, 0xC9, 0x23, 0x00, 0x00,
    0x08, 0x00, 0x00, 0x00, 0x22, 0x00, 0x48, 0x00,
    0x70, 0x10, 0xA8, 0x00, 0x00, 0x00, 0x69, 0x00,
    0x1A, 0x00, 0x0E, 0x00, 0x0A, 0x00, 0x02, 0x00,
    0x07, 0x00, 0x00, 0x00, 0xCD, 0x23, 0x00, 0x00,
    0x41, 0x00, 0x00, 0x00, 0x70, 0x20, 0x09, 0x00,
    0x98, 0x00, 0x22, 0x00, 0x0D, 0x00, 0x71, 0x00,
    0x0E, 0x00, 0x00, 0x00, 0x0C, 0x01, 0x70, 0x20,
    0x0A, 0x00, 0x10, 0x00, 0x5B, 0x80, 0x1E, 0x00,
    0x5B, 0x89, 0x17, 0x00, 0x69, 0x08, 0x19, 0x00,
    0x12, 0x30, 0x6E, 0x20, 0x85, 0x00, 0x08, 0x00,
    0x13, 0x06, 0x10, 0x00, 0x12, 0x07, 0x13, 0x02,
    0x08, 0x00, 0x13, 0x03, 0x08, 0x00, 0x13, 0x04,
    0x08, 0x00, 0x13, 0x05, 0x08, 0x00, 0x07, 0x81,
    0x74, 0x07, 0x84, 0x00, 0x01, 0x00, 0x6E, 0x10,
    0x7B, 0x00, 0x08, 0x00, 0x0C, 0x00, 0x12, 0xD2,
    0x72, 0x20, 0x21, 0x00, 0x20, 0x00, 0x12, 0x10,
    0x6E, 0x20, 0x89, 0x00, 0x08, 0x00, 0x6E, 0x20,
    0x86, 0x00, 0x08, 0x00, 0x22, 0x02, 0x30, 0x00,
    0x12, 0x03, 0x70, 0x30, 0x65, 0x00, 0x82, 0x03,
    0x6E, 0x20, 0x88, 0x00, 0x28, 0x00, 0x6E, 0x20,
    0x87, 0x00, 0x08, 0x00, 0x0E, 0x00, 0x00, 0x00,
    0x02, 0x00, 0x01, 0x00, 0x02, 0x00, 0x00, 0x00,
    0xE0, 0x23, 0x00, 0x00, 0x11, 0x00, 0x00, 0x00,
    0x62, 0x00, 0x1A, 0x00, 0x72, 0x10, 0xAD, 0x00,
    0x00, 0x00, 0x0A, 0x00, 0xD8, 0x00, 0x00, 0xFF,
    0x3A, 0x00, 0x08, 0x00, 0x70, 0x20, 0x83, 0x00,
    0x01, 0x00, 0xD8, 0x00, 0x00, 0xFF, 0x28, 0xF9,
    0x0E, 0x00, 0x00, 0x00, 0x02, 0x00, 0x00, 0x00,
    0x02, 0x00, 0x00, 0x00, 0xF1, 0x23, 0x00, 0x00,
    0x19, 0x00, 0x00, 0x00, 0x62, 0x00, 0x19, 0x00,
    0x38, 0x00, 0x16, 0x00, 0x62, 0x00, 0x19, 0x00,
    0x54, 0x00, 0x18, 0x00, 0x39, 0x00, 0x03, 0x00,
    0x28, 0x0E, 0x62, 0x00, 0x19, 0x00, 0x54, 0x00,
    0x1E, 0x00, 0x22, 0x01, 0x2D, 0x00, 0x70, 0x10,
    0x5C, 0x00, 0x01, 0x00, 0x6E, 0x20, 0x0B, 0x00,
    0x10, 0x00, 0x0E, 0x00, 0x0E, 0x00, 0x00, 0x00,
    0x06, 0x00, 0x03, 0x00, 0x03, 0x00, 0x00, 0x00,
    0xFB, 0x23, 0x00, 0x00, 0x52, 0x00, 0x00, 0x00,
    0x22, 0x00, 0x33, 0x00, 0x54, 0x31, 0x17, 0x00,
    0x70, 0x20, 0x72, 0x00, 0x10, 0x00, 0x5B, 0x30,
    0x18, 0x00, 0x54, 0x30, 0x18, 0x00, 0x12, 0x01,
    0x6E, 0x20, 0x43, 0x00, 0x10, 0x00, 0x54, 0x30,
    0x18, 0x00, 0x14, 0x02, 0x6F, 0x12, 0x83, 0x3A,
    0x6E, 0x20, 0x3B, 0x00, 0x20, 0x00, 0x54, 0x30,
    0x18, 0x00, 0x6E, 0x20, 0x3C, 0x00, 0x10, 0x00,
    0x54, 0x30, 0x18, 0x00, 0x6E, 0x20, 0x42, 0x00,
    0x10, 0x00, 0x54, 0x30, 0x18, 0x00, 0x12, 0x11,
    0x6E, 0x20, 0x3D, 0x00, 0x10, 0x00, 0x54, 0x30,
    0x18, 0x00, 0x6E, 0x20, 0x3E, 0x00, 0x10, 0x00,
    0x54, 0x30, 0x18, 0x00, 0x6E, 0x20, 0x40, 0x00,
    0x10, 0x00, 0x54, 0x30, 0x18, 0x00, 0x15, 0x02,
    0x00, 0x10, 0x6E, 0x20, 0x3F, 0x00, 0x20, 0x00,
    0x22, 0x00, 0x25, 0x00, 0x70, 0x30, 0x44, 0x00,
    0x10, 0x01, 0x14, 0x01, 0x33, 0x00, 0x80, 0x00,
    0x59, 0x01, 0x0B, 0x00, 0x54, 0x31, 0x18, 0x00,
    0x6E, 0x30, 0x28, 0x00, 0x15, 0x00, 0x54, 0x31,
    0x18, 0x00, 0x22, 0x02, 0x2F, 0x00, 0x70, 0x20,
    0x60, 0x00, 0x32, 0x00, 0x6E, 0x20, 0x34, 0x00,
    0x21, 0x00, 0x0E, 0x00, 0x03, 0x00, 0x00, 0x00,
    0x03, 0x00, 0x00, 0x00, 0x18, 0x24, 0x00, 0x00,
    0x2B, 0x00, 0x00, 0x00, 0x62, 0x00, 0x19, 0x00,
    0x54, 0x00, 0x18, 0x00, 0x1A, 0x01, 0x00, 0x00,
    0x6E, 0x20, 0x41, 0x00, 0x10, 0x00, 0x62, 0x00,
    0x19, 0x00, 0x54, 0x00, 0x18, 0x00, 0x6E, 0x10,
    0x35, 0x00, 0x00, 0x00, 0x62, 0x00, 0x19, 0x00,
    0x54, 0x00, 0x17, 0x00, 0x1A, 0x01, 0xD4, 0x00,
    0x6E, 0x20, 0x04, 0x00, 0x10, 0x00, 0x0C, 0x00,
    0x1F, 0x00, 0x23, 0x00, 0x38, 0x00, 0x0E, 0x00,
    0x62, 0x01, 0x19, 0x00, 0x54, 0x11, 0x18, 0x00,
    0x6E, 0x10, 0x37, 0x00, 0x01, 0x00, 0x0C, 0x01,
    0x12, 0x02, 0x6E, 0x30, 0x31, 0x00, 0x10, 0x02,
    0x0E, 0x00, 0x00, 0x00, 0x03, 0x00, 0x00, 0x00,
    0x03, 0x00, 0x00, 0x00, 0x27, 0x24, 0x00, 0x00,
    0x1E, 0x00, 0x00, 0x00, 0x62, 0x00, 0x19, 0x00,
    0x54, 0x00, 0x18, 0x00, 0x6E, 0x10, 0x3A, 0x00,
    0x00, 0x00, 0x62, 0x00, 0x19, 0x00, 0x54, 0x00,
    0x17, 0x00, 0x1A, 0x01, 0xD4, 0x00, 0x6E, 0x20,
    0x04, 0x00, 0x10, 0x00, 0x0C, 0x00, 0x1F, 0x00,
    0x23, 0x00, 0x38, 0x00, 0x0A, 0x00, 0x62, 0x01,
    0x19, 0x00, 0x54, 0x11, 0x18, 0x00, 0x12, 0x12,
    0x6E, 0x30, 0x32, 0x00, 0x10, 0x02, 0x0E, 0x00,
    0x01, 0x00, 0x01, 0x00, 0x01, 0x00, 0x00, 0x00,
    0x35, 0x24, 0x00, 0x00, 0x04, 0x00, 0x00, 0x00,
    0x71, 0x10, 0x8B, 0x00, 0x00, 0x00, 0x0E, 0x00,
    0x0A, 0x00, 0x02, 0x00, 0x06, 0x00, 0x00, 0x00,
    0x3C, 0x24, 0x00, 0x00, 0x5D, 0x00, 0x00, 0x00,
    0x1A, 0x00, 0x3E, 0x01, 0x6E, 0x20, 0x01, 0x00,
    0x08, 0x00, 0x0C, 0x00, 0x1F, 0x00, 0x1F, 0x00,
    0x69, 0x00, 0x1C, 0x00, 0x22, 0x00, 0x13, 0x00,
    0x70, 0x10, 0x10, 0x00, 0x00, 0x00, 0x62, 0x01,
    0x1C, 0x00, 0x72, 0x10, 0x2C, 0x00, 0x01, 0x00,
    0x0C, 0x01, 0x6E, 0x20, 0x17, 0x00, 0x01, 0x00,
    0x22, 0x01, 0x35, 0x00, 0x70, 0x20, 0x79, 0x00,
    0x91, 0x00, 0x22, 0x02, 0x1E, 0x00, 0x52, 0x03,
    0x03, 0x00, 0x52, 0x04, 0x02, 0x00, 0x14, 0x06,
    0x18, 0x03, 0x02, 0x00, 0x12, 0xD7, 0x13, 0x05,
    0xE8, 0x03, 0x76, 0x06, 0x2A, 0x00, 0x02, 0x00,
    0x69, 0x02, 0x1D, 0x00, 0x62, 0x02, 0x1D, 0x00,
    0x13, 0x03, 0x33, 0x00, 0x59, 0x23, 0x04, 0x00,
    0x62, 0x02, 0x1D, 0x00, 0x6E, 0x10, 0x02, 0x00,
    0x08, 0x00, 0x0C, 0x03, 0x6E, 0x10, 0x29, 0x00,
    0x03, 0x00, 0x0C, 0x03, 0x6E, 0x10, 0x24, 0x00,
    0x03, 0x00, 0x0C, 0x03, 0x5B, 0x23, 0x06, 0x00,
    0x62, 0x02, 0x1C, 0x00, 0x62, 0x03, 0x1D, 0x00,
    0x72, 0x30, 0x2B, 0x00, 0x12, 0x03, 0x14, 0x02,
    0x02, 0x00, 0x02, 0x01, 0x6E, 0x20, 0x00, 0x00,
    0x28, 0x00, 0x0C, 0x02, 0x1F, 0x02, 0x1C, 0x00,
    0x62, 0x03, 0x19, 0x00, 0x70, 0x30, 0x7D, 0x00,
    0x83, 0x02, 0x70, 0x10, 0x8C, 0x00, 0x01, 0x00,
    0x0E, 0x00, 0x00, 0x00, 0x04, 0x00, 0x02, 0x00,
    0x02, 0x00, 0x01, 0x00, 0x63, 0x24, 0x00, 0x00,
    0x26, 0x00, 0x00, 0x00, 0x3A, 0x03, 0x25, 0x00,
    0x62, 0x00, 0x1A, 0x00, 0x72, 0x10, 0xAD, 0x00,
    0x00, 0x00, 0x0A, 0x00, 0x35, 0x03, 0x1D, 0x00,
    0x62, 0x00, 0x1A, 0x00, 0x72, 0x20, 0xAA, 0x00,
    0x30, 0x00, 0x0C, 0x00, 0x1F, 0x00, 0x1A, 0x00,
    0x38, 0x00, 0x0E, 0x00, 0x62, 0x01, 0x1C, 0x00,
    0x38, 0x01, 0x0A, 0x00, 0x62, 0x01, 0x1C, 0x00,
    0x72, 0x20, 0x2D, 0x00, 0x01, 0x00, 0x28, 0x02,
    0x0D, 0x01, 0x00, 0x00, 0x62, 0x01, 0x1A, 0x00,
    0x72, 0x20, 0xAB, 0x00, 0x31, 0x00, 0x0E, 0x00,
    0x18, 0x00, 0x00, 0x00, 0x05, 0x00, 0x01, 0x00,
    0x01, 0x01, 0x41, 0x1E, 0x02, 0x00, 0x00, 0x00,
    0x02, 0x00, 0x00, 0x00, 0x77, 0x24, 0x00, 0x00,
    0x19, 0x00, 0x00, 0x00, 0x62, 0x00, 0x19, 0x00,
    0x38, 0x00, 0x16, 0x00, 0x62, 0x00, 0x19, 0x00,
    0x54, 0x00, 0x18, 0x00, 0x39, 0x00, 0x03, 0x00,
    0x28, 0x0E, 0x62, 0x00, 0x19, 0x00, 0x54, 0x00,
    0x1E, 0x00, 0x22, 0x01, 0x2A, 0x00, 0x70, 0x10,
    0x56, 0x00, 0x01, 0x00, 0x6E, 0x20, 0x0B, 0x00,
    0x10, 0x00, 0x0E, 0x00, 0x0E, 0x00, 0x00, 0x00,
    0x04, 0x00, 0x01, 0x00, 0x03, 0x00, 0x00, 0x00,
    0x81, 0x24, 0x00, 0x00, 0x37, 0x00, 0x00, 0x00,
    0x71, 0x10, 0x8D, 0x00, 0x03, 0x00, 0x0A, 0x00,
    0x39, 0x00, 0x03, 0x00, 0x0E, 0x00, 0x71, 0x00,
    0x0F, 0x00, 0x00, 0x00, 0x0C, 0x00, 0x71, 0x00,
    0x0E, 0x00, 0x00, 0x00, 0x0C, 0x01, 0x32, 0x10,
    0x14, 0x00, 0x22, 0x00, 0x0D, 0x00, 0x71, 0x00,
    0x0E, 0x00, 0x00, 0x00, 0x0C, 0x01, 0x70, 0x20,
    0x0A, 0x00, 0x10, 0x00, 0x22, 0x01, 0x2B, 0x00,
    0x70, 0x20, 0x58, 0x00, 0x31, 0x00, 0x6E, 0x20,
    0x0B, 0x00, 0x10, 0x00, 0x0E, 0x00, 0x07, 0x30,
    0x1F, 0x00, 0x03, 0x00, 0x6E, 0x10, 0x02, 0x00,
    0x00, 0x00, 0x0C, 0x01, 0x6E, 0x10, 0x29, 0x00,
    0x01, 0x00, 0x0C, 0x01, 0x22, 0x02, 0x2C, 0x00,
    0x70, 0x30, 0x5A, 0x00, 0x02, 0x03, 0x6E, 0x20,
    0x27, 0x00, 0x21, 0x00, 0x0E, 0x00, 0x00, 0x00,
    0x03, 0x00, 0x01, 0x00, 0x02, 0x00, 0x00, 0x00,
    0x97, 0x24, 0x00, 0x00, 0x1A, 0x00, 0x00, 0x00,
    0x62, 0x00, 0x1B, 0x00, 0x39, 0x00, 0x09, 0x00,
    0x22, 0x00, 0x2E, 0x00, 0x70, 0x20, 0x5E, 0x00,
    0x20, 0x00, 0x69, 0x00, 0x1B, 0x00, 0x54, 0x20,
    0x1E, 0x00, 0x62, 0x01, 0x1B, 0x00, 0x6E, 0x20,
    0x0D, 0x00, 0x10, 0x00, 0x54, 0x20, 0x1E, 0x00,
    0x62, 0x01, 0x1B, 0x00, 0x6E, 0x20, 0x0B, 0x00,
    0x10, 0x00, 0x0E, 0x00, 0x1A, 0x00, 0x01, 0x00,
    0x06, 0x00, 0x01, 0x00, 0x9F, 0x24, 0x00, 0x00,
    0x84, 0x01, 0x00, 0x00, 0x62, 0x00, 0x1C, 0x00,
    0x38, 0x00, 0x81, 0x01, 0x62, 0x00, 0x19, 0x00,
    0x39, 0x00, 0x04, 0x00, 0x29, 0x00, 0x7B, 0x01,
    0x71, 0x00, 0x91, 0x00, 0x00, 0x00, 0x0C, 0x00,
    0x38, 0x00, 0x30, 0x01, 0x21, 0x02, 0x12, 0x43,
    0x35, 0x32, 0x06, 0x00, 0x08, 0x16, 0x00, 0x00,
    0x29, 0x00, 0x2A, 0x01, 0x21, 0x02, 0xB3, 0x32,
    0x13, 0x03, 0x20, 0x00, 0x71, 0x20, 0xA0, 0x00,
    0x32, 0x00, 0x0A, 0x02, 0x62, 0x03, 0x1A, 0x00,
    0x72, 0x10, 0xAD, 0x00, 0x03, 0x00, 0x0A, 0x03,
    0x35, 0x23, 0x09, 0x00, 0x62, 0x03, 0x1A, 0x00,
    0x12, 0x04, 0x72, 0x20, 0xA9, 0x00, 0x43, 0x00,
    0x28, 0xF2, 0x12, 0x03, 0x12, 0x04, 0x35, 0x24,
    0xE2, 0x00, 0xDA, 0x05, 0x04, 0x04, 0x44, 0x05,
    0x00, 0x05, 0xDA, 0x06, 0x04, 0x04, 0xD8, 0x06,
    0x06, 0x01, 0x44, 0x06, 0x00, 0x06, 0xDA, 0x07,
    0x04, 0x04, 0xD8, 0x07, 0x07, 0x02, 0x44, 0x07,
    0x00, 0x07, 0xDA, 0x08, 0x04, 0x04, 0xD8, 0x08,
    0x08, 0x03, 0x44, 0x08, 0x00, 0x08, 0xA7, 0x09,
    0x07, 0x05, 0xA7, 0x0A, 0x08, 0x06, 0x15, 0x0B,
    0x80, 0x3F, 0x2E, 0x0C, 0x09, 0x0B, 0x3D, 0x0C,
    0xB0, 0x00, 0x2E, 0x0B, 0x0A, 0x0B, 0x3D, 0x0B,
    0xAC, 0x00, 0x12, 0x0B, 0x2D, 0x0C, 0x05, 0x0B,
    0x39, 0x0C, 0x10, 0x00, 0x2D, 0x0B, 0x06, 0x0B,
    0x39, 0x0B, 0x0C, 0x00, 0x08, 0x16, 0x00, 0x00,
    0x02, 0x17, 0x02, 0x00, 0x02, 0x10, 0x03, 0x00,
    0x02, 0x18, 0x04, 0x00, 0x29, 0x00, 0xA1, 0x00,
    0x13, 0x0B, 0x14, 0x00, 0x87, 0x5C, 0xB1, 0xBC,
    0x87, 0x6D, 0xB1, 0xBD, 0x87, 0x7E, 0xB0, 0xBE,
    0x87, 0x8F, 0xB0, 0xBF, 0x91, 0x11, 0x0E, 0x0C,
    0x91, 0x12, 0x0F, 0x0D, 0x62, 0x01, 0x1A, 0x00,
    0x72, 0x20, 0xAA, 0x00, 0x31, 0x00, 0x0C, 0x01,
    0x1F, 0x01, 0x31, 0x00, 0x39, 0x01, 0x45, 0x00,
    0x08, 0x16, 0x00, 0x00, 0x22, 0x00, 0x31, 0x00,
    0x02, 0x17, 0x02, 0x00, 0x02, 0x18, 0x04, 0x00,
    0x08, 0x02, 0x19, 0x00, 0x54, 0x24, 0x17, 0x00,
    0x70, 0x20, 0x69, 0x00, 0x40, 0x00, 0x07, 0x01,
    0x62, 0x00, 0x1A, 0x00, 0x72, 0x30, 0xAC, 0x00,
    0x30, 0x01, 0x14, 0x14, 0x28, 0x03, 0x82, 0x00,
    0x22, 0x10, 0x1E, 0x00, 0x62, 0x00, 0x1D, 0x00,
    0x52, 0x00, 0x07, 0x00, 0x13, 0x15, 0xFD, 0xFF,
    0x02, 0x13, 0x00, 0x00, 0x76, 0x06, 0x2A, 0x00,
    0x10, 0x00, 0x02, 0x00, 0x11, 0x00, 0x02, 0x04,
    0x12, 0x00, 0x08, 0x11, 0x10, 0x00, 0x13, 0x02,
    0x33, 0x00, 0x02, 0x10, 0x03, 0x00, 0x08, 0x03,
    0x11, 0x00, 0x59, 0x32, 0x04, 0x00, 0x59, 0x3C,
    0x09, 0x00, 0x59, 0x3D, 0x0A, 0x00, 0x62, 0x02,
    0x1D, 0x00, 0x54, 0x22, 0x06, 0x00, 0x5B, 0x32,
    0x06, 0x00, 0x62, 0x02, 0x1C, 0x00, 0x72, 0x30,
    0x2B, 0x00, 0x12, 0x03, 0x28, 0x3A, 0x08, 0x16,
    0x00, 0x00, 0x02, 0x17, 0x02, 0x00, 0x02, 0x10,
    0x03, 0x00, 0x02, 0x18, 0x04, 0x00, 0x02, 0x00,
    0x11, 0x00, 0x02, 0x04, 0x12, 0x00, 0x6E, 0x10,
    0x6B, 0x00, 0x01, 0x00, 0x0A, 0x02, 0x38, 0x02,
    0x06, 0x00, 0x12, 0x02, 0x6E, 0x20, 0x6D, 0x00,
    0x21, 0x00, 0x6E, 0x10, 0x6A, 0x00, 0x01, 0x00,
    0x0C, 0x02, 0x1F, 0x02, 0x1E, 0x00, 0x52, 0x23,
    0x09, 0x00, 0x33, 0xC3, 0x0E, 0x00, 0x52, 0x23,
    0x0A, 0x00, 0x33, 0xD3, 0x0A, 0x00, 0x52, 0x23,
    0x08, 0x00, 0x33, 0x03, 0x06, 0x00, 0x52, 0x23,
    0x05, 0x00, 0x32, 0x43, 0x0F, 0x00, 0x59, 0x2C,
    0x09, 0x00, 0x59, 0x2D, 0x0A, 0x00, 0x59, 0x20,
    0x08, 0x00, 0x59, 0x24, 0x05, 0x00, 0x62, 0x03,
    0x1C, 0x00, 0x72, 0x30, 0x2E, 0x00, 0x13, 0x02,
    0xD8, 0x03, 0x10, 0x01, 0x28, 0x0B, 0x08, 0x16,
    0x00, 0x00, 0x02, 0x17, 0x02, 0x00, 0x02, 0x10,
    0x03, 0x00, 0x02, 0x18, 0x04, 0x00, 0x02, 0x03,
    0x10, 0x00, 0xD8, 0x04, 0x18, 0x01, 0x08, 0x00,
    0x16, 0x00, 0x02, 0x02, 0x17, 0x00, 0x29, 0x00,
    0x20, 0xFF, 0x08, 0x16, 0x00, 0x00, 0x02, 0x17,
    0x02, 0x00, 0x02, 0x10, 0x03, 0x00, 0x02, 0x18,
    0x04, 0x00, 0x02, 0x00, 0x10, 0x00, 0x62, 0x01,
    0x1A, 0x00, 0x72, 0x10, 0xAD, 0x00, 0x01, 0x00,
    0x0A, 0x01, 0x35, 0x10, 0x1A, 0x00, 0x62, 0x01,
    0x1A, 0x00, 0x72, 0x20, 0xAA, 0x00, 0x01, 0x00,
    0x0C, 0x01, 0x1F, 0x01, 0x31, 0x00, 0x38, 0x01,
    0x0D, 0x00, 0x6E, 0x10, 0x6B, 0x00, 0x01, 0x00,
    0x0A, 0x02, 0x13, 0x03, 0x08, 0x00, 0x32, 0x32,
    0x05, 0x00, 0x6E, 0x20, 0x6D, 0x00, 0x31, 0x00,
    0xD8, 0x00, 0x00, 0x01, 0x28, 0xE1, 0x28, 0x45,
    0x08, 0x16, 0x00, 0x00, 0x12, 0x00, 0x62, 0x01,
    0x1A, 0x00, 0x72, 0x10, 0xAD, 0x00, 0x01, 0x00,
    0x0A, 0x01, 0x35, 0x10, 0x1D, 0x00, 0x62, 0x01,
    0x1A, 0x00, 0x72, 0x20, 0xAA, 0x00, 0x01, 0x00,
    0x0C, 0x01, 0x1F, 0x01, 0x31, 0x00, 0x38, 0x01,
    0x0E, 0x00, 0x6E, 0x10, 0x6B, 0x00, 0x01, 0x00,
    0x0A, 0x02, 0x13, 0x03, 0x08, 0x00, 0x32, 0x32,
    0x08, 0x00, 0x6E, 0x20, 0x6D, 0x00, 0x31, 0x00,
    0x28, 0x03, 0x13, 0x03, 0x08, 0x00, 0xD8, 0x00,
    0x00, 0x01, 0x28, 0xDE, 0x0E, 0x00, 0x0D, 0x00,
    0x22, 0x01, 0x46, 0x00, 0x70, 0x10, 0xA4, 0x00,
    0x01, 0x00, 0x1A, 0x02, 0x6A, 0x00, 0x6E, 0x20,
    0xA5, 0x00, 0x21, 0x00, 0x0C, 0x01, 0x6E, 0x10,
    0x9F, 0x00, 0x00, 0x00, 0x0C, 0x02, 0x6E, 0x20,
    0xA5, 0x00, 0x21, 0x00, 0x0C, 0x01, 0x6E, 0x10,
    0xA6, 0x00, 0x01, 0x00, 0x0C, 0x01, 0x1A, 0x02,
    0x66, 0x00, 0x71, 0x20, 0x12, 0x00, 0x12, 0x00,
    0x0E, 0x00, 0x0E, 0x00, 0x0A, 0x00, 0x00, 0x00,
    0x54, 0x01, 0x01, 0x00, 0x01, 0x01, 0x41, 0xE5,
    0x02, 0x00, 0x00, 0x00, 0x01, 0x00, 0x01, 0x00,
    0x01, 0x00, 0x00, 0x00, 0x5E, 0x22, 0x00, 0x00,
    0x04, 0x00, 0x00, 0x00, 0x70, 0x10, 0xA1, 0x00,
    0x00, 0x00, 0x0E, 0x00, 0x04, 0x00, 0x02, 0x00,
    0x02, 0x00, 0x00, 0x00, 0x74, 0x26, 0x00, 0x00,
    0x24, 0x00, 0x00, 0x00, 0x6E, 0x10, 0x1A, 0x00,
    0x03, 0x00, 0x0A, 0x00, 0x38, 0x00, 0x0F, 0x00,
    0x6E, 0x10, 0x1A, 0x00, 0x03, 0x00, 0x0A, 0x00,
    0x12, 0x21, 0x33, 0x10, 0x03, 0x00, 0x28, 0x06,
    0x6F, 0x20, 0x26, 0x00, 0x32, 0x00, 0x0A, 0x00,
    0x0F, 0x00, 0x6E, 0x10, 0x1E, 0x00, 0x03, 0x00,
    0x0A, 0x00, 0x59, 0x20, 0x21, 0x00, 0x6E, 0x10,
    0x1F, 0x00, 0x03, 0x00, 0x0A, 0x00, 0x59, 0x20,
    0x22, 0x00, 0x6E, 0x10, 0x9A, 0x00, 0x02, 0x00,
    0x12, 0x10, 0x0F, 0x00, 0x04, 0x00, 0x03, 0x00,
    0x03, 0x00, 0x00, 0x00, 0x81, 0x26, 0x00, 0x00,
    0x0D, 0x00, 0x00, 0x00, 0x70, 0x30, 0x23, 0x00,
    0x21, 0x03, 0x15, 0x00, 0x80, 0xBF, 0x59, 0x10,
    0x21, 0x00, 0x59, 0x10, 0x22, 0x00, 0x70, 0x10,
    0x99, 0x00, 0x01, 0x00, 0x0E, 0x00, 0x00, 0x00,
    0x03, 0x00, 0x01, 0x00, 0x02, 0x00, 0x00, 0x00,
    0x8F, 0x26, 0x00, 0x00, 0x16, 0x00, 0x00, 0x00,
    0x22, 0x00, 0x09, 0x00, 0x70, 0x10, 0x06, 0x00,
    0x00, 0x00, 0x5B, 0x20, 0x20, 0x00, 0x54, 0x20,
    0x20, 0x00, 0x15, 0x01, 0xFF, 0xFF, 0x6E, 0x20,
    0x07, 0x00, 0x10, 0x00, 0x54, 0x20, 0x20, 0x00,
    0x62, 0x01, 0x01, 0x00, 0x6E, 0x20, 0x08, 0x00,
    0x10, 0x00, 0x0E, 0x00, 0x06, 0x00, 0x02, 0x00,
    0x05, 0x00, 0x00, 0x00, 0x96, 0x26, 0x00, 0x00,
    0x1D, 0x00, 0x00, 0x00, 0x6F, 0x20, 0x25, 0x00,
    0x54, 0x00, 0x52, 0x40, 0x21, 0x00, 0x15, 0x01,
    0x80, 0xBF, 0x2D, 0x00, 0x00, 0x01, 0x38, 0x00,
    0x13, 0x00, 0x52, 0x40, 0x22, 0x00, 0x2D, 0x00,
    0x00, 0x01, 0x38, 0x00, 0x0D, 0x00, 0x52, 0x40,
    0x21, 0x00, 0x52, 0x41, 0x22, 0x00, 0x15, 0x02,
    0x48, 0x42, 0x54, 0x43, 0x20, 0x00, 0x6E, 0x53,
    0x05, 0x00, 0x05, 0x21, 0x0E, 0x00, 0x07, 0x00,
    0x0E, 0x00, 0x05, 0x00, 0x0E, 0x00, 0x0A, 0x02,
    0xAC, 0x02, 0xDE, 0x01, 0x0E, 0x87, 0x3C, 0x00,
    0x0F, 0x02, 0xAC, 0x02, 0xDE, 0x01, 0x0E, 0x87,
    0x3C, 0x00, 0x14, 0x02, 0xAC, 0x02, 0xDE, 0x01,
    0x0E, 0x87, 0x3C, 0x00, 0x19, 0x02, 0xAC, 0x02,
    0xDE, 0x01, 0x0E, 0x87, 0x3C, 0x00, 0x1E, 0x02,
    0xAC, 0x02, 0xDE, 0x01, 0x0E, 0x87, 0x3C, 0x00,
    0x23, 0x02, 0xAC, 0x02, 0xDE, 0x01, 0x0E, 0x87,
    0x3C, 0x00, 0x27, 0x01, 0xAD, 0x02, 0x0E, 0x00,
    0x2A, 0x00, 0x0E, 0x5A, 0x00, 0x1C, 0x00, 0x0E,
    0x5A, 0x00, 0x18, 0x00, 0x0E, 0x00, 0x22, 0x01,
    0x8C, 0x02, 0x0E, 0x3C, 0x5D, 0x01, 0x10, 0x14,
    0x00, 0x00, 0x00, 0x0E, 0x00, 0x00, 0x01, 0x00,
    0x0E, 0x00, 0x00, 0x02, 0x00, 0x00, 0x0E, 0x00,
    0x63, 0x01, 0xAD, 0x02, 0x0E, 0x00, 0x66, 0x00,
    0x0E, 0x5A, 0xB4, 0x00, 0xD5, 0x02, 0x01, 0xAD,
    0x02, 0x0E, 0x00, 0xE0, 0x02, 0x01, 0x87, 0x02,
    0x0E, 0x00, 0xD7, 0x02, 0x04, 0x87, 0x02, 0xA5,
    0x02, 0xA4, 0x01, 0x8F, 0x01, 0x0E, 0x00, 0xDA,
    0x02, 0x04, 0x87, 0x02, 0xA5, 0x02, 0x98, 0x01,
    0xA4, 0x01, 0x0E, 0x2D, 0xA5, 0x03, 0x00, 0x8E,
    0x01, 0x46, 0x3D, 0x05, 0x00, 0x00, 0x9E, 0x02,
    0x01, 0x00, 0x0E, 0x00, 0xAA, 0x02, 0x01, 0xC6,
    0x01, 0x0E, 0x5A, 0x3C, 0x00, 0xA5, 0x02, 0x03,
    0xC6, 0x01, 0xBD, 0x02, 0xCB, 0x01, 0x0E, 0x4B,
    0x3C, 0x00, 0xA1, 0x02, 0x02, 0xC6, 0x01, 0xA1,
    0x01, 0x0E, 0xD2, 0x00, 0x51, 0x01, 0xAD, 0x01,
    0x0E, 0x4E, 0x03, 0x00, 0x88, 0x01, 0x02, 0x4B,
    0x03, 0x01, 0xFC, 0x01, 0x01, 0x4C, 0x03, 0x02,
    0xFD, 0x01, 0x01, 0x3D, 0x00, 0x47, 0x01, 0xA3,
    0x01, 0x0E, 0x3C, 0x00, 0x4D, 0x02, 0xC2, 0x02,
    0xC3, 0x02, 0x0E, 0x00, 0x8B, 0x03, 0x02, 0x99,
    0x01, 0x90, 0x01, 0x0E, 0x01, 0x01, 0x03, 0x00,
    0xCF, 0x01, 0x02, 0x87, 0x05, 0x00, 0x00, 0x83,
    0x03, 0x01, 0xAD, 0x01, 0x0E, 0xE1, 0x3C, 0x2E,
    0x00, 0x80, 0x03, 0x03, 0xAD, 0x02, 0x94, 0x01,
    0x95, 0x01, 0x0E, 0x00, 0xFE, 0x02, 0x01, 0xEE,
    0x01, 0x0E, 0x4B, 0x03, 0x00, 0x97, 0x01, 0x22,
    0x4B, 0x00, 0xF6, 0x02, 0x01, 0xAD, 0x01, 0x0E,
    0xE1, 0x3C, 0x2E, 0x00, 0xEE, 0x02, 0x02, 0xD7,
    0x01, 0xAD, 0x01, 0x0E, 0xA5, 0x3C, 0x2E, 0x00,
    0xEB, 0x02, 0x01, 0xA3, 0x01, 0x0E, 0x00, 0xEC,
    0x01, 0x01, 0xAD, 0x01, 0x0E, 0x00, 0xE5, 0x02,
    0x01, 0xA5, 0x01, 0x0E, 0x87, 0x03, 0x00, 0x92,
    0x01, 0x05, 0x4B, 0x03, 0x01, 0xA2, 0x01, 0x07,
    0x00, 0x2F, 0x00, 0x0E, 0x00, 0x33, 0x01, 0xA3,
    0x01, 0x0E, 0x02, 0x77, 0x3B, 0xBD, 0x2D, 0x2E,
    0x4B, 0xF0, 0x88, 0x4B, 0x3C, 0x96, 0x3C, 0x00,
    0xE4, 0x01, 0x00, 0x0E, 0x01, 0x08, 0x03, 0x00,
    0xCF, 0x01, 0x02, 0x2D, 0x3A, 0x3E, 0x05, 0x00,
    0x00, 0xBB, 0x02, 0x00, 0x0E, 0xB4, 0xCA, 0x02,
    0x77, 0x1D, 0x00, 0xC7, 0x02, 0x02, 0x89, 0x01,
    0x85, 0x02, 0x0E, 0x96, 0x69, 0x87, 0x5A, 0x5A,
    0x69, 0x5A, 0x5A, 0x79, 0x5A, 0x03, 0x00, 0xAC,
    0x01, 0x26, 0x5A, 0x5B, 0x02, 0x0D, 0xA4, 0x00,
    0xBD, 0x02, 0x00, 0x0E, 0x96, 0x78, 0xC3, 0x03,
    0x00, 0xD0, 0x01, 0x24, 0x2D, 0xC4, 0x00, 0xB2,
    0x02, 0x00, 0x0E, 0x78, 0xC3, 0x03, 0x00, 0xD0,
    0x01, 0x24, 0x2D, 0x88, 0x00, 0xF8, 0x01, 0x01,
    0xA5, 0x01, 0x0E, 0x00, 0xFF, 0x01, 0x02, 0x89,
    0x01, 0xA5, 0x01, 0x0E, 0xA5, 0x5A, 0x03, 0x00,
    0xA9, 0x01, 0x14, 0x97, 0x5D, 0x03, 0x01, 0xAA,
    0x02, 0x36, 0x01, 0x11, 0x15, 0x69, 0x01, 0x10,
    0x10, 0x7A, 0x96, 0x03, 0x02, 0x85, 0x02, 0x1D,
    0x5C, 0x3C, 0x00, 0xD8, 0x01, 0x01, 0xD1, 0x01,
    0x0E, 0xA5, 0x87, 0x03, 0x00, 0xBB, 0x02, 0x1B,
    0x6A, 0x69, 0x2E, 0x5B, 0x05, 0x00, 0x00, 0xB0,
    0x02, 0x00, 0x0E, 0xB4, 0xC9, 0x02, 0x78, 0x1D,
    0x00, 0xF5, 0x01, 0x01, 0xA5, 0x01, 0x0E, 0x79,
    0xA5, 0x01, 0x11, 0x0F, 0x20, 0x3D, 0x03, 0x00,
    0x89, 0x01, 0x04, 0x02, 0x1C, 0xFE, 0x00, 0x62,
    0x00, 0x0E, 0x4B, 0x7F, 0x78, 0x78, 0x00, 0x73,
    0x00, 0x0E, 0xA7, 0x4B, 0x03, 0x00, 0x9D, 0x01,
    0x4F, 0xAE, 0x87, 0x03, 0x02, 0xC0, 0x02, 0x02,
    0x87, 0x7C, 0x1F, 0x03, 0x03, 0xB8, 0x02, 0x02,
    0x01, 0x01, 0x03, 0x04, 0xCF, 0x01, 0x02, 0x2E,
    0x4B, 0x03, 0x05, 0xF8, 0x01, 0x01, 0x69, 0x03,
    0x06, 0xFA, 0x01, 0x01, 0x69, 0x03, 0x07, 0xF9,
    0x01, 0x01, 0x6A, 0x03, 0x08, 0xF6, 0x01, 0x01,
    0x2D, 0x03, 0x09, 0xFB, 0x01, 0x01, 0x30, 0x03,
    0x0A, 0xF7, 0x01, 0x01, 0x01, 0x13, 0x0F, 0xA8,
    0x2D, 0x03, 0x0B, 0xEF, 0x01, 0x02, 0x2D, 0x03,
    0x0C, 0xDC, 0x01, 0x02, 0x2D, 0x03, 0x0D, 0xB0,
    0x02, 0x02, 0x2D, 0x03, 0x0E, 0x84, 0x02, 0x02,
    0x2D, 0x03, 0x0F, 0x9C, 0x01, 0x02, 0x2D, 0x03,
    0x11, 0xBD, 0x02, 0x02, 0x2F, 0x03, 0x12, 0xCB,
    0x01, 0x02, 0x87, 0x03, 0x01, 0xF5, 0x01, 0x32,
    0x2D, 0x01, 0x02, 0x05, 0x00, 0x03, 0x16, 0x9D,
    0x01, 0x4F, 0x01, 0x08, 0x05, 0x02, 0x05, 0x04,
    0x03, 0x17, 0xC0, 0x02, 0x02, 0x03, 0x18, 0xCF,
    0x01, 0x02, 0x6A, 0x5B, 0x42, 0x03, 0x14, 0xF4,
    0x01, 0x02, 0x01, 0x11, 0x05, 0x11, 0x05, 0x12,
    0x03, 0x00, 0xBD, 0x02, 0x02, 0x03, 0x04, 0xCB,
    0x01, 0x02, 0x2E, 0x03, 0x11, 0xF1, 0x01, 0x1F,
    0x01, 0x06, 0x05, 0x11, 0x03, 0x03, 0xF1, 0x01,
    0x1F, 0x03, 0x10, 0xB8, 0x02, 0x02, 0x2D, 0x2D,
    0x2D, 0x6A, 0x5A, 0x05, 0x03, 0x05, 0x14, 0x1E,
    0x05, 0x10, 0x05, 0x16, 0x05, 0x17, 0x05, 0x18,
    0x03, 0x00, 0x9D, 0x01, 0x4F, 0x06, 0x02, 0x03,
    0x03, 0xB8, 0x02, 0x02, 0x03, 0x04, 0xCF, 0x01,
    0x02, 0x03, 0x11, 0xBD, 0x02, 0x02, 0x06, 0x12,
    0x01, 0x0C, 0x05, 0x02, 0x05, 0x03, 0x05, 0x11,
    0x05, 0x12, 0x03, 0x00, 0xBD, 0x02, 0x02, 0x03,
    0x04, 0xCB, 0x01, 0x02, 0x06, 0x10, 0x06, 0x16,
    0x06, 0x17, 0x06, 0x18, 0x69, 0x4C, 0x69, 0x03,
    0x02, 0xF1, 0x01, 0x1F, 0xFF, 0x2D, 0x2D, 0x2D,
    0x2D, 0x5E, 0x05, 0x02, 0x01, 0x02, 0x05, 0x10,
    0x06, 0x03, 0x02, 0x4E, 0x1D, 0x05, 0x01, 0x05,
    0x0B, 0x05, 0x0C, 0x05, 0x0D, 0x05, 0x0E, 0x05,
    0x0F, 0x05, 0x16, 0x05, 0x17, 0x05, 0x18, 0x03,
    0x00, 0x9D, 0x01, 0x4F, 0x03, 0x02, 0xC0, 0x02,
    0x02, 0x03, 0x04, 0xCF, 0x01, 0x02, 0x02, 0x74,
    0x86, 0x05, 0x00, 0x05, 0x02, 0x05, 0x03, 0x05,
    0x04, 0x05, 0x05, 0x05, 0x06, 0x05, 0x07, 0x05,
    0x08, 0x05, 0x09, 0x05, 0x0A, 0x06, 0x10, 0x06,
    0x16, 0x06, 0x17, 0x06, 0x18, 0x01, 0x02, 0x05,
    0x10, 0x06, 0x03, 0x01, 0x06, 0x05, 0x18, 0x06,
    0x04, 0x01, 0x02, 0x05, 0x16, 0x05, 0x17, 0x06,
    0x00, 0x06, 0x02, 0x02, 0xC2, 0x00, 0x86, 0x05,
    0x00, 0x05, 0x02, 0x05, 0x03, 0x05, 0x04, 0x06,
    0x10, 0x06, 0x16, 0x06, 0x17, 0x01, 0x02, 0x03,
    0x00, 0xCF, 0x01, 0x02, 0x87, 0x87, 0x06, 0x01,
    0xA5, 0x38, 0x05, 0x01, 0x44, 0x05, 0x00, 0x05,
    0x10, 0x05, 0x16, 0x05, 0x17, 0x02, 0xA2, 0x7F,
    0x1D, 0x03, 0x00, 0x9D, 0x01, 0x4F, 0x2D, 0x05,
    0x00, 0x06, 0x16, 0x01, 0x01, 0x03, 0x00, 0xCF,
    0x01, 0x02, 0x87, 0x87, 0x06, 0x01, 0xA5, 0x49,
    0x2A, 0x05, 0x01, 0x41, 0x05, 0x00, 0x02, 0xD5,
    0x00, 0x1D, 0x05, 0x16, 0x1E, 0x03, 0x00, 0xAB,
    0x01, 0x42, 0x01, 0x1C, 0x10, 0x05, 0x00, 0x02,
    0x9D, 0x7F, 0x1D, 0x00, 0x2A, 0x01, 0xAD, 0x01,
    0x0E, 0xE7, 0x02, 0x7A, 0x59, 0x69, 0x69, 0x3C,
    0x00, 0x15, 0x02, 0xA3, 0x01, 0x96, 0x01, 0x0E,
    0x02, 0x7B, 0x3B, 0x4B, 0x31, 0x3C, 0x00, 0x1A,
    0x00, 0x0E, 0x78, 0x78, 0x78, 0x00, 0x21, 0x01,
    0x9E, 0x01, 0x0E, 0x3C, 0xE1, 0xB5, 0x00, 0x00,
    0x01, 0x00, 0x00, 0x00, 0x44, 0x00, 0x00, 0x00,
    0x01, 0x00, 0x00, 0x00, 0x11, 0x00, 0x00, 0x00,
    0x01, 0x00, 0x00, 0x00, 0x0A, 0x00, 0x00, 0x00,
    0x02, 0x00, 0x00, 0x00, 0x01, 0x00, 0x01, 0x00,
    0x02, 0x00, 0x00, 0x00, 0x45, 0x00, 0x45, 0x00,
    0x01, 0x00, 0x00, 0x00, 0x35, 0x00, 0x00, 0x00,
    0x01, 0x00, 0x00, 0x00, 0x01, 0x00, 0x00, 0x00,
    0x01, 0x00, 0x00, 0x00, 0x20, 0x00, 0x00, 0x00,
    0x01, 0x00, 0x00, 0x00, 0x4D, 0x00, 0x00, 0x00,
    0x02, 0x00, 0x00, 0x00, 0x01, 0x00, 0x43, 0x00,
    0x01, 0x00, 0x00, 0x00, 0x45, 0x00, 0x00, 0x00,
    0x01, 0x00, 0x00, 0x00, 0x00, 0x00, 0x00, 0x00,
    0x04, 0x00, 0x00, 0x00, 0x00, 0x00, 0x00, 0x00,
    0x00, 0x00, 0x09, 0x00, 0x04, 0x00, 0x00, 0x00,
    0x01, 0x00, 0x01, 0x00, 0x01, 0x00, 0x01, 0x00,
    0x05, 0x00, 0x00, 0x00, 0x01, 0x00, 0x01, 0x00,
    0x01, 0x00, 0x01, 0x00, 0x01, 0x00, 0x00, 0x00,
    0x06, 0x00, 0x00, 0x00, 0x01, 0x00, 0x01, 0x00,
    0x01, 0x00, 0x01, 0x00, 0x01, 0x00, 0x01, 0x00,
    0x02, 0x00, 0x00, 0x00, 0x03, 0x00, 0x05, 0x00,
    0x02, 0x00, 0x00, 0x00, 0x03, 0x00, 0x1C, 0x00,
    0x01, 0x00, 0x00, 0x00, 0x05, 0x00, 0x00, 0x00,
    0x02, 0x00, 0x00, 0x00, 0x05, 0x00, 0x12, 0x00,
    0x01, 0x00, 0x00, 0x00, 0x07, 0x00, 0x00, 0x00,
    0x01, 0x00, 0x00, 0x00, 0x08, 0x00, 0x00, 0x00,
    0x01, 0x00, 0x00, 0x00, 0x0C, 0x00, 0x00, 0x00,
    0x01, 0x00, 0x00, 0x00, 0x0F, 0x00, 0x00, 0x00,
    0x01, 0x00, 0x00, 0x00, 0x10, 0x00, 0x00, 0x00,
    0x01, 0x00, 0x00, 0x00, 0x13, 0x00, 0x00, 0x00,
    0x01, 0x00, 0x00, 0x00, 0x18, 0x00, 0x00, 0x00,
    0x03, 0x00, 0x00, 0x00, 0x18, 0x00, 0x4B, 0x00,
    0x4A, 0x00, 0x00, 0x00, 0x01, 0x00, 0x00, 0x00,
    0x1A, 0x00, 0x00, 0x00, 0x02, 0x00, 0x00, 0x00,
    0x1A, 0x00, 0x1B, 0x00, 0x02, 0x00, 0x00, 0x00,
    0x21, 0x00, 0x4D, 0x00, 0x01, 0x00, 0x00, 0x00,
    0x29, 0x00, 0x00, 0x00, 0x03, 0x00, 0x00, 0x00,
    0x33, 0x00, 0x21, 0x00, 0x4D, 0x00, 0x00, 0x00,
    0x02, 0x00, 0x00, 0x00, 0x35, 0x00, 0x34, 0x00,
    0x01, 0x00, 0x00, 0x00, 0x40, 0x00, 0x00, 0x00,
    0x04, 0x00, 0x00, 0x00, 0x40, 0x00, 0x01, 0x00,
    0x01, 0x00, 0x01, 0x00, 0x01, 0x00, 0x00, 0x00,
    0x4B, 0x00, 0x00, 0x00, 0x03, 0x00, 0x00, 0x00,
    0x4B, 0x00, 0x01, 0x00, 0x01, 0x00, 0x00, 0x00,
    0x02, 0x00, 0x00, 0x00, 0x4B, 0x00, 0x4A, 0x00,
    0x03, 0x00, 0x00, 0x00, 0x00, 0x00, 0x00, 0x00,
    0x01, 0x00, 0x00, 0x00, 0x02, 0x00, 0x00, 0x00,
    0x01, 0x00, 0x16, 0x00, 0x02, 0x00, 0x00, 0x00,
    0x0E, 0x00, 0x01, 0x00, 0x01, 0x00, 0x00, 0x00,
    0x16, 0x00, 0x00, 0x00, 0x01, 0x00, 0x00, 0x00,
    0x17, 0x00, 0x00, 0x00, 0x02, 0x00, 0x00, 0x00,
    0x1A, 0x00, 0x01, 0x00, 0x01, 0x00, 0x00, 0x00,
    0x43, 0x00, 0x00, 0x00, 0x02, 0x00, 0x00, 0x00,
    0x44, 0x00, 0x02, 0x00, 0x00, 0x00, 0x15, 0x2D,
    0x24, 0x24, 0x4E, 0x65, 0x73, 0x74, 0x24, 0x66,
    0x67, 0x65, 0x74, 0x75, 0x69, 0x48, 0x61, 0x6E,
    0x64, 0x6C, 0x65, 0x72, 0x00, 0x1F, 0x2D, 0x24,
    0x24, 0x4E, 0x65, 0x73, 0x74, 0x24, 0x6D, 0x73,
    0x79, 0x6E, 0x63, 0x52, 0x65, 0x67, 0x69, 0x6F,
    0x6E, 0x49, 0x6E, 0x70, 0x75, 0x74, 0x57, 0x69,
    0x6E, 0x64, 0x6F, 0x77, 0x73, 0x00, 0x08, 0x3C,
    0x63, 0x6C, 0x69, 0x6E, 0x69, 0x74, 0x3E, 0x00,
    0x06, 0x3C, 0x69, 0x6E, 0x69, 0x74, 0x3E, 0x00,
    0x02, 0x3E, 0x3B, 0x00, 0x12, 0x44, 0x38, 0x24,
    0x24, 0x53, 0x79, 0x6E, 0x74, 0x68, 0x65, 0x74,
    0x69, 0x63, 0x43, 0x6C, 0x61, 0x73, 0x73, 0x00,
    0x05, 0x44, 0x45, 0x42, 0x55, 0x47, 0x00, 0x0F,
    0x44, 0x65, 0x6C, 0x65, 0x74, 0x65, 0x49, 0x6E,
    0x70, 0x75, 0x74, 0x54, 0x65, 0x78, 0x74, 0x00,
    0x01, 0x46, 0x00, 0x04, 0x46, 0x49, 0x4C, 0x4C,
    0x00, 0x0A, 0x47, 0x4C, 0x52, 0x65, 0x6E, 0x64,
    0x65, 0x72, 0x65, 0x72, 0x00, 0x14, 0x47, 0x65,
    0x74, 0x49, 0x6D, 0x47, 0x75, 0x69, 0x57, 0x69,
    0x6E, 0x64, 0x6F, 0x77, 0x42, 0x6F, 0x75, 0x6E,
    0x64, 0x73, 0x00, 0x01, 0x49, 0x00, 0x03, 0x49,
    0x49, 0x49, 0x00, 0x03, 0x49, 0x4C, 0x4C, 0x00,
    0x0E, 0x49, 0x6E, 0x70, 0x75, 0x74, 0x50, 0x72,
    0x6F, 0x78, 0x79, 0x56, 0x69, 0x65, 0x77, 0x00,
    0x01, 0x4A, 0x00, 0x09, 0x4A, 0x61, 0x76, 0x61,
    0x49, 0x6D, 0x67, 0x75, 0x69, 0x00, 0x01, 0x4C,
    0x00, 0x02, 0x4C, 0x49, 0x00, 0x03, 0x4C, 0x49,
    0x49, 0x00, 0x03, 0x4C, 0x49, 0x4C, 0x00, 0x02,
    0x4C, 0x4C, 0x00, 0x02, 0x4C, 0x5A, 0x00, 0x16,
    0x4C, 0x61, 0x6E, 0x64, 0x72, 0x6F, 0x69, 0x64,
    0x2F, 0x61, 0x70, 0x70, 0x2F, 0x41, 0x63, 0x74,
    0x69, 0x76, 0x69, 0x74, 0x79, 0x3B, 0x00, 0x1D,
    0x4C, 0x61, 0x6E, 0x64, 0x72, 0x6F, 0x69, 0x64,
    0x2F, 0x61, 0x70, 0x70, 0x2F, 0x41, 0x63, 0x74,
    0x69, 0x76, 0x69, 0x74, 0x79, 0x4D, 0x61, 0x6E,
    0x61, 0x67, 0x65, 0x72, 0x3B, 0x00, 0x19, 0x4C,
    0x61, 0x6E, 0x64, 0x72, 0x6F, 0x69, 0x64, 0x2F,
    0x63, 0x6F, 0x6E, 0x74, 0x65, 0x6E, 0x74, 0x2F,
    0x43, 0x6F, 0x6E, 0x74, 0x65, 0x78, 0x74, 0x3B,
    0x00, 0x26, 0x4C, 0x61, 0x6E, 0x64, 0x72, 0x6F,
    0x69, 0x64, 0x2F, 0x63, 0x6F, 0x6E, 0x74, 0x65,
    0x6E, 0x74, 0x2F, 0x70, 0x6D, 0x2F, 0x43, 0x6F,
    0x6E, 0x66, 0x69, 0x67, 0x75, 0x72, 0x61, 0x74,
    0x69, 0x6F, 0x6E, 0x49, 0x6E, 0x66, 0x6F, 0x3B,
    0x00, 0x19, 0x4C, 0x61, 0x6E, 0x64, 0x72, 0x6F,
    0x69, 0x64, 0x2F, 0x67, 0x72, 0x61, 0x70, 0x68,
    0x69, 0x63, 0x73, 0x2F, 0x43, 0x61, 0x6E, 0x76,
    0x61, 0x73, 0x3B, 0x00, 0x1E, 0x4C, 0x61, 0x6E,
    0x64, 0x72, 0x6F, 0x69, 0x64, 0x2F, 0x67, 0x72,
    0x61, 0x70, 0x68, 0x69, 0x63, 0x73, 0x2F, 0x50,
    0x61, 0x69, 0x6E, 0x74, 0x24, 0x53, 0x74, 0x79,
    0x6C, 0x65, 0x3B, 0x00, 0x18, 0x4C, 0x61, 0x6E,
    0x64, 0x72, 0x6F, 0x69, 0x64, 0x2F, 0x67, 0x72,
    0x61, 0x70, 0x68, 0x69, 0x63, 0x73, 0x2F, 0x50,
    0x61, 0x69, 0x6E, 0x74, 0x3B, 0x00, 0x27, 0x4C,
    0x61, 0x6E, 0x64, 0x72, 0x6F, 0x69, 0x64, 0x2F,
    0x6F, 0x70, 0x65, 0x6E, 0x67, 0x6C, 0x2F, 0x47,
    0x4C, 0x53, 0x75, 0x72, 0x66, 0x61, 0x63, 0x65,
    0x56, 0x69, 0x65, 0x77, 0x24, 0x52, 0x65, 0x6E,
    0x64, 0x65, 0x72, 0x65, 0x72, 0x3B, 0x00, 0x1E,
    0x4C, 0x61, 0x6E, 0x64, 0x72, 0x6F, 0x69, 0x64,
    0x2F, 0x6F, 0x70, 0x65, 0x6E, 0x67, 0x6C, 0x2F,
    0x47, 0x4C, 0x53, 0x75, 0x72, 0x66, 0x61, 0x63,
    0x65, 0x56, 0x69, 0x65, 0x77, 0x3B, 0x00, 0x13,
    0x4C, 0x61, 0x6E, 0x64, 0x72, 0x6F, 0x69, 0x64,
    0x2F, 0x6F, 0x73, 0x2F, 0x42, 0x75, 0x6E, 0x64,
    0x6C, 0x65, 0x3B, 0x00, 0x14, 0x4C, 0x61, 0x6E,
    0x64, 0x72, 0x6F, 0x69, 0x64, 0x2F, 0x6F, 0x73,
    0x2F, 0x48, 0x61, 0x6E, 0x64, 0x6C, 0x65, 0x72,
    0x3B, 0x00, 0x14, 0x4C, 0x61, 0x6E, 0x64, 0x72,
    0x6F, 0x69, 0x64, 0x2F, 0x6F, 0x73, 0x2F, 0x49,
    0x42, 0x69, 0x6E, 0x64, 0x65, 0x72, 0x3B, 0x00,
    0x13, 0x4C, 0x61, 0x6E, 0x64, 0x72, 0x6F, 0x69,
    0x64, 0x2F, 0x6F, 0x73, 0x2F, 0x4C, 0x6F, 0x6F,
    0x70, 0x65, 0x72, 0x3B, 0x00, 0x17, 0x4C, 0x61,
    0x6E, 0x64, 0x72, 0x6F, 0x69, 0x64, 0x2F, 0x74,
    0x65, 0x78, 0x74, 0x2F, 0x45, 0x64, 0x69, 0x74,
    0x61, 0x62, 0x6C, 0x65, 0x3B, 0x00, 0x1A, 0x4C,
    0x61, 0x6E, 0x64, 0x72, 0x6F, 0x69, 0x64, 0x2F,
    0x74, 0x65, 0x78, 0x74, 0x2F, 0x54, 0x65, 0x78,
    0x74, 0x57, 0x61, 0x74, 0x63, 0x68, 0x65, 0x72,
    0x3B, 0x00, 0x1B, 0x4C, 0x61, 0x6E, 0x64, 0x72,
    0x6F, 0x69, 0x64, 0x2F, 0x75, 0x74, 0x69, 0x6C,
    0x2F, 0x41, 0x74, 0x74, 0x72, 0x69, 0x62, 0x75,
    0x74, 0x65, 0x53, 0x65, 0x74, 0x3B, 0x00, 0x1D,
    0x4C, 0x61, 0x6E, 0x64, 0x72, 0x6F, 0x69, 0x64,
    0x2F, 0x75, 0x74, 0x69, 0x6C, 0x2F, 0x44, 0x69,
    0x73, 0x70, 0x6C, 0x61, 0x79, 0x4D, 0x65, 0x74,
    0x72, 0x69, 0x63, 0x73, 0x3B, 0x00, 0x12, 0x4C,
    0x61, 0x6E, 0x64, 0x72, 0x6F, 0x69, 0x64, 0x2F,
    0x75, 0x74, 0x69, 0x6C, 0x2F, 0x4C, 0x6F, 0x67,
    0x3B, 0x00, 0x16, 0x4C, 0x61, 0x6E, 0x64, 0x72,
    0x6F, 0x69, 0x64, 0x2F, 0x76, 0x69, 0x65, 0x77,
    0x2F, 0x44, 0x69, 0x73, 0x70, 0x6C, 0x61, 0x79,
    0x3B, 0x00, 0x17, 0x4C, 0x61, 0x6E, 0x64, 0x72,
    0x6F, 0x69, 0x64, 0x2F, 0x76, 0x69, 0x65, 0x77,
    0x2F, 0x4B, 0x65, 0x79, 0x45, 0x76, 0x65, 0x6E,
    0x74, 0x3B, 0x00, 0x1A, 0x4C, 0x61, 0x6E, 0x64,
    0x72, 0x6F, 0x69, 0x64, 0x2F, 0x76, 0x69, 0x65,
    0x77, 0x2F, 0x4D, 0x6F, 0x74, 0x69, 0x6F, 0x6E,
    0x45, 0x76, 0x65, 0x6E, 0x74, 0x3B, 0x00, 0x16,
    0x4C, 0x61, 0x6E, 0x64, 0x72, 0x6F, 0x69, 0x64,
    0x2F, 0x76, 0x69, 0x65, 0x77, 0x2F, 0x53, 0x75,
    0x72, 0x66, 0x61, 0x63, 0x65, 0x3B, 0x00, 0x1C,
    0x4C, 0x61, 0x6E, 0x64, 0x72, 0x6F, 0x69, 0x64,
    0x2F, 0x76, 0x69, 0x65, 0x77, 0x2F, 0x53, 0x75,
    0x72, 0x66, 0x61, 0x63, 0x65, 0x48, 0x6F, 0x6C,
    0x64, 0x65, 0x72, 0x3B, 0x00, 0x13, 0x4C, 0x61,
    0x6E, 0x64, 0x72, 0x6F, 0x69, 0x64, 0x2F, 0x76,
    0x69, 0x65, 0x77, 0x2F, 0x56, 0x69, 0x65, 0x77,
    0x3B, 0x00, 0x25, 0x4C, 0x61, 0x6E, 0x64, 0x72,
    0x6F, 0x69, 0x64, 0x2F, 0x76, 0x69, 0x65, 0x77,
    0x2F, 0x56, 0x69, 0x65, 0x77, 0x47, 0x72, 0x6F,
    0x75, 0x70, 0x24, 0x4C, 0x61, 0x79, 0x6F, 0x75,
    0x74, 0x50, 0x61, 0x72, 0x61, 0x6D, 0x73, 0x3B,
    0x00, 0x18, 0x4C, 0x61, 0x6E, 0x64, 0x72, 0x6F,
    0x69, 0x64, 0x2F, 0x76, 0x69, 0x65, 0x77, 0x2F,
    0x56, 0x69, 0x65, 0x77, 0x47, 0x72, 0x6F, 0x75,
    0x70, 0x3B, 0x00, 0x15, 0x4C, 0x61, 0x6E, 0x64,
    0x72, 0x6F, 0x69, 0x64, 0x2F, 0x76, 0x69, 0x65,
    0x77, 0x2F, 0x57, 0x69, 0x6E, 0x64, 0x6F, 0x77,
    0x3B, 0x00, 0x29, 0x4C, 0x61, 0x6E, 0x64, 0x72,
    0x6F, 0x69, 0x64, 0x2F, 0x76, 0x69, 0x65, 0x77,
    0x2F, 0x57, 0x69, 0x6E, 0x64, 0x6F, 0x77, 0x4D,
    0x61, 0x6E, 0x61, 0x67, 0x65, 0x72, 0x24, 0x4C,
    0x61, 0x79, 0x6F, 0x75, 0x74, 0x50, 0x61, 0x72,
    0x61, 0x6D, 0x73, 0x3B, 0x00, 0x1C, 0x4C, 0x61,
    0x6E, 0x64, 0x72, 0x6F, 0x69, 0x64, 0x2F, 0x76,
    0x69, 0x65, 0x77, 0x2F, 0x57, 0x69, 0x6E, 0x64,
    0x6F, 0x77, 0x4D, 0x61, 0x6E, 0x61, 0x67, 0x65,
    0x72, 0x3B, 0x00, 0x25, 0x4C, 0x61, 0x6E, 0x64,
    0x72, 0x6F, 0x69, 0x64, 0x2F, 0x76, 0x69, 0x65,
    0x77, 0x2F, 0x69, 0x6E, 0x70, 0x75, 0x74, 0x6D,
    0x65, 0x74, 0x68, 0x6F, 0x64, 0x2F, 0x45, 0x64,
    0x69, 0x74, 0x6F, 0x72, 0x49, 0x6E, 0x66, 0x6F,
    0x3B, 0x00, 0x2A, 0x4C, 0x61, 0x6E, 0x64, 0x72,
    0x6F, 0x69, 0x64, 0x2F, 0x76, 0x69, 0x65, 0x77,
    0x2F, 0x69, 0x6E, 0x70, 0x75, 0x74, 0x6D, 0x65,
    0x74, 0x68, 0x6F, 0x64, 0x2F, 0x49, 0x6E, 0x70,
    0x75, 0x74, 0x43, 0x6F, 0x6E, 0x6E, 0x65, 0x63,
    0x74, 0x69, 0x6F, 0x6E, 0x3B, 0x00, 0x31, 0x4C,
    0x61, 0x6E, 0x64, 0x72, 0x6F, 0x69, 0x64, 0x2F,
    0x76, 0x69, 0x65, 0x77, 0x2F, 0x69, 0x6E, 0x70,
    0x75, 0x74, 0x6D, 0x65, 0x74, 0x68, 0x6F, 0x64,
    0x2F, 0x49, 0x6E, 0x70, 0x75, 0x74, 0x43, 0x6F,
    0x6E, 0x6E, 0x65, 0x63, 0x74, 0x69, 0x6F, 0x6E,
    0x57, 0x72, 0x61, 0x70, 0x70, 0x65, 0x72, 0x3B,
    0x00, 0x2D, 0x4C, 0x61, 0x6E, 0x64, 0x72, 0x6F,
    0x69, 0x64, 0x2F, 0x76, 0x69, 0x65, 0x77, 0x2F,
    0x69, 0x6E, 0x70, 0x75, 0x74, 0x6D, 0x65, 0x74,
    0x68, 0x6F, 0x64, 0x2F, 0x49, 0x6E, 0x70, 0x75,
    0x74, 0x4D, 0x65, 0x74, 0x68, 0x6F, 0x64, 0x4D,
    0x61, 0x6E, 0x61, 0x67, 0x65, 0x72, 0x3B, 0x00,
    0x19, 0x4C, 0x61, 0x6E, 0x64, 0x72, 0x6F, 0x69,
    0x64, 0x2F, 0x77, 0x69, 0x64, 0x67, 0x65, 0x74,
    0x2F, 0x45, 0x64, 0x69, 0x74, 0x54, 0x65, 0x78,
    0x74, 0x3B, 0x00, 0x29, 0x4C, 0x61, 0x6E, 0x64,
    0x72, 0x6F, 0x69, 0x64, 0x2F, 0x77, 0x69, 0x64,
    0x67, 0x65, 0x74, 0x2F, 0x46, 0x72, 0x61, 0x6D,
    0x65, 0x4C, 0x61, 0x79, 0x6F, 0x75, 0x74, 0x24,
    0x4C, 0x61, 0x79, 0x6F, 0x75, 0x74, 0x50, 0x61,
    0x72, 0x61, 0x6D, 0x73, 0x3B, 0x00, 0x2A, 0x4C,
    0x61, 0x6E, 0x64, 0x72, 0x6F, 0x69, 0x64, 0x78,
    0x2F, 0x61, 0x70, 0x70, 0x63, 0x6F, 0x6D, 0x70,
    0x61, 0x74, 0x2F, 0x61, 0x70, 0x70, 0x2F, 0x41,
    0x70, 0x70, 0x43, 0x6F, 0x6D, 0x70, 0x61, 0x74,
    0x41, 0x63, 0x74, 0x69, 0x76, 0x69, 0x74, 0x79,
    0x3B, 0x00, 0x19, 0x4C, 0x63, 0x6F, 0x6D, 0x2F,
    0x78, 0x61, 0x2F, 0x4A, 0x61, 0x76, 0x61, 0x49,
    0x6D, 0x67, 0x75, 0x69, 0x2F, 0x4C, 0x6F, 0x67,
    0x67, 0x65, 0x72, 0x3B, 0x00, 0x21, 0x4C, 0x63,
    0x6F, 0x6D, 0x2F, 0x78, 0x61, 0x2F, 0x4A, 0x61,
    0x76, 0x61, 0x49, 0x6D, 0x67, 0x75, 0x69, 0x2F,
    0x4D, 0x61, 0x69, 0x6E, 0x41, 0x63, 0x74, 0x69,
    0x76, 0x69, 0x74, 0x79, 0x24, 0x31, 0x3B, 0x00,
    0x1F, 0x4C, 0x63, 0x6F, 0x6D, 0x2F, 0x78, 0x61,
    0x2F, 0x4A, 0x61, 0x76, 0x61, 0x49, 0x6D, 0x67,
    0x75, 0x69, 0x2F, 0x4D, 0x61, 0x69, 0x6E, 0x41,
    0x63, 0x74, 0x69, 0x76, 0x69, 0x74, 0x79, 0x3B,
    0x00, 0x3C, 0x4C, 0x63, 0x6F, 0x6D, 0x2F, 0x78,
    0x61, 0x2F, 0x4A, 0x61, 0x76, 0x61, 0x49, 0x6D,
    0x67, 0x75, 0x69, 0x2F, 0x4D, 0x79, 0x47, 0x4C,
    0x53, 0x75, 0x72, 0x66, 0x61, 0x63, 0x65, 0x56,
    0x69, 0x65, 0x77, 0x24, 0x24, 0x45, 0x78, 0x74,
    0x65, 0x72, 0x6E, 0x61, 0x6C, 0x53, 0x79, 0x6E,
    0x74, 0x68, 0x65, 0x74, 0x69, 0x63, 0x4C, 0x61,
    0x6D, 0x62, 0x64, 0x61, 0x30, 0x3B, 0x00, 0x3C,
    0x4C, 0x63, 0x6F, 0x6D, 0x2F, 0x78, 0x61, 0x2F,
    0x4A, 0x61, 0x76, 0x61, 0x49, 0x6D, 0x67, 0x75,
    0x69, 0x2F, 0x4D, 0x79, 0x47, 0x4C, 0x53, 0x75,
    0x72, 0x66, 0x61, 0x63, 0x65, 0x56, 0x69, 0x65,
    0x77, 0x24, 0x24, 0x45, 0x78, 0x74, 0x65, 0x72,
    0x6E, 0x61, 0x6C, 0x53, 0x79, 0x6E, 0x74, 0x68,
    0x65, 0x74, 0x69, 0x63, 0x4C, 0x61, 0x6D, 0x62,
    0x64, 0x61, 0x31, 0x3B, 0x00, 0x3C, 0x4C, 0x63,
    0x6F, 0x6D, 0x2F, 0x78, 0x61, 0x2F, 0x4A, 0x61,
    0x76, 0x61, 0x49, 0x6D, 0x67, 0x75, 0x69, 0x2F,
    0x4D, 0x79, 0x47, 0x4C, 0x53, 0x75, 0x72, 0x66,
    0x61, 0x63, 0x65, 0x56, 0x69, 0x65, 0x77, 0x24,
    0x24, 0x45, 0x78, 0x74, 0x65, 0x72, 0x6E, 0x61,
    0x6C, 0x53, 0x79, 0x6E, 0x74, 0x68, 0x65, 0x74,
    0x69, 0x63, 0x4C, 0x61, 0x6D, 0x62, 0x64, 0x61,
    0x32, 0x3B, 0x00, 0x3C, 0x4C, 0x63, 0x6F, 0x6D,
    0x2F, 0x78, 0x61, 0x2F, 0x4A, 0x61, 0x76, 0x61,
    0x49, 0x6D, 0x67, 0x75, 0x69, 0x2F, 0x4D, 0x79,
    0x47, 0x4C, 0x53, 0x75, 0x72, 0x66, 0x61, 0x63,
    0x65, 0x56, 0x69, 0x65, 0x77, 0x24, 0x24, 0x45,
    0x78, 0x74, 0x65, 0x72, 0x6E, 0x61, 0x6C, 0x53,
    0x79, 0x6E, 0x74, 0x68, 0x65, 0x74, 0x69, 0x63,
    0x4C, 0x61, 0x6D, 0x62, 0x64, 0x61, 0x33, 0x3B,
    0x00, 0x24, 0x4C, 0x63, 0x6F, 0x6D, 0x2F, 0x78,
    0x61, 0x2F, 0x4A, 0x61, 0x76, 0x61, 0x49, 0x6D,
    0x67, 0x75, 0x69, 0x2F, 0x4D, 0x79, 0x47, 0x4C,
    0x53, 0x75, 0x72, 0x66, 0x61, 0x63, 0x65, 0x56,
    0x69, 0x65, 0x77, 0x24, 0x31, 0x3B, 0x00, 0x24,
    0x4C, 0x63, 0x6F, 0x6D, 0x2F, 0x78, 0x61, 0x2F,
    0x4A, 0x61, 0x76, 0x61, 0x49, 0x6D, 0x67, 0x75,
    0x69, 0x2F, 0x4D, 0x79, 0x47, 0x4C, 0x53, 0x75,
    0x72, 0x66, 0x61, 0x63, 0x65, 0x56, 0x69, 0x65,
    0x77, 0x24, 0x32, 0x3B, 0x00, 0x2D, 0x4C, 0x63,
    0x6F, 0x6D, 0x2F, 0x78, 0x61, 0x2F, 0x4A, 0x61,
    0x76, 0x61, 0x49, 0x6D, 0x67, 0x75, 0x69, 0x2F,
    0x4D, 0x79, 0x47, 0x4C, 0x53, 0x75, 0x72, 0x66,
    0x61, 0x63, 0x65, 0x56, 0x69, 0x65, 0x77, 0x24,
    0x47, 0x4C, 0x52, 0x65, 0x6E, 0x64, 0x65, 0x72,
    0x65, 0x72, 0x3B, 0x00, 0x31, 0x4C, 0x63, 0x6F,
    0x6D, 0x2F, 0x78, 0x61, 0x2F, 0x4A, 0x61, 0x76,
    0x61, 0x49, 0x6D, 0x67, 0x75, 0x69, 0x2F, 0x4D,
    0x79, 0x47, 0x4C, 0x53, 0x75, 0x72, 0x66, 0x61,
    0x63, 0x65, 0x56, 0x69, 0x65, 0x77, 0x24, 0x49,
    0x6E, 0x70, 0x75, 0x74, 0x50, 0x72, 0x6F, 0x78,
    0x79, 0x56, 0x69, 0x65, 0x77, 0x3B, 0x00, 0x31,
    0x4C, 0x63, 0x6F, 0x6D, 0x2F, 0x78, 0x61, 0x2F,
    0x4A, 0x61, 0x76, 0x61, 0x49, 0x6D, 0x67, 0x75,
    0x69, 0x2F, 0x4D, 0x79, 0x47, 0x4C, 0x53, 0x75,
    0x72, 0x66, 0x61, 0x63, 0x65, 0x56, 0x69, 0x65,
    0x77, 0x24, 0x53, 0x61, 0x66, 0x65, 0x45, 0x64,
    0x69, 0x74, 0x54, 0x65, 0x78, 0x74, 0x24, 0x31,
    0x3B, 0x00, 0x2F, 0x4C, 0x63, 0x6F, 0x6D, 0x2F,
    0x78, 0x61, 0x2F, 0x4A, 0x61, 0x76, 0x61, 0x49,
    0x6D, 0x67, 0x75, 0x69, 0x2F, 0x4D, 0x79, 0x47,
    0x4C, 0x53, 0x75, 0x72, 0x66, 0x61, 0x63, 0x65,
    0x56, 0x69, 0x65, 0x77, 0x24, 0x53, 0x61, 0x66,
    0x65, 0x45, 0x64, 0x69, 0x74, 0x54, 0x65, 0x78,
    0x74, 0x3B, 0x00, 0x25, 0x4C, 0x63, 0x6F, 0x6D,
    0x2F, 0x78, 0x61, 0x2F, 0x4A, 0x61, 0x76, 0x61,
    0x49, 0x6D, 0x67, 0x75, 0x69, 0x2F, 0x4D, 0x79,
    0x47, 0x4C, 0x53, 0x75, 0x72, 0x66, 0x61, 0x63,
    0x65, 0x56, 0x69, 0x65, 0x77, 0x2D, 0x49, 0x41,
    0x3B, 0x00, 0x22, 0x4C, 0x63, 0x6F, 0x6D, 0x2F,
    0x78, 0x61, 0x2F, 0x4A, 0x61, 0x76, 0x61, 0x49,
    0x6D, 0x67, 0x75, 0x69, 0x2F, 0x4D, 0x79, 0x47,
    0x4C, 0x53, 0x75, 0x72, 0x66, 0x61, 0x63, 0x65,
    0x56, 0x69, 0x65, 0x77, 0x3B, 0x00, 0x1F, 0x4C,
    0x63, 0x6F, 0x6D, 0x2F, 0x78, 0x61, 0x2F, 0x4A,
    0x61, 0x76, 0x61, 0x49, 0x6D, 0x67, 0x75, 0x69,
    0x2F, 0x4E, 0x61, 0x74, 0x69, 0x76, 0x65, 0x4D,
    0x65, 0x74, 0x68, 0x6F, 0x64, 0x3B, 0x00, 0x1B,
    0x4C, 0x63, 0x6F, 0x6D, 0x2F, 0x78, 0x61, 0x2F,
    0x4A, 0x61, 0x76, 0x61, 0x49, 0x6D, 0x67, 0x75,
    0x69, 0x2F, 0x52, 0x24, 0x6C, 0x61, 0x79, 0x6F,
    0x75, 0x74, 0x3B, 0x00, 0x1C, 0x4C, 0x63, 0x6F,
    0x6D, 0x2F, 0x78, 0x61, 0x2F, 0x4A, 0x61, 0x76,
    0x61, 0x49, 0x6D, 0x67, 0x75, 0x69, 0x2F, 0x54,
    0x6F, 0x75, 0x63, 0x68, 0x56, 0x69, 0x65, 0x77,
    0x3B, 0x00, 0x22, 0x4C, 0x64, 0x61, 0x6C, 0x76,
    0x69, 0x6B, 0x2F, 0x61, 0x6E, 0x6E, 0x6F, 0x74,
    0x61, 0x74, 0x69, 0x6F, 0x6E, 0x2F, 0x45, 0x6E,
    0x63, 0x6C, 0x6F, 0x73, 0x69, 0x6E, 0x67, 0x43,
    0x6C, 0x61, 0x73, 0x73, 0x3B, 0x00, 0x23, 0x4C,
    0x64, 0x61, 0x6C, 0x76, 0x69, 0x6B, 0x2F, 0x61,
    0x6E, 0x6E, 0x6F, 0x74, 0x61, 0x74, 0x69, 0x6F,
    0x6E, 0x2F, 0x45, 0x6E, 0x63, 0x6C, 0x6F, 0x73,
    0x69, 0x6E, 0x67, 0x4D, 0x65, 0x74, 0x68, 0x6F,
    0x64, 0x3B, 0x00, 0x1E, 0x4C, 0x64, 0x61, 0x6C,
    0x76, 0x69, 0x6B, 0x2F, 0x61, 0x6E, 0x6E, 0x6F,
    0x74, 0x61, 0x74, 0x69, 0x6F, 0x6E, 0x2F, 0x49,
    0x6E, 0x6E, 0x65, 0x72, 0x43, 0x6C, 0x61, 0x73,
    0x73, 0x3B, 0x00, 0x21, 0x4C, 0x64, 0x61, 0x6C,
    0x76, 0x69, 0x6B, 0x2F, 0x61, 0x6E, 0x6E, 0x6F,
    0x74, 0x61, 0x74, 0x69, 0x6F, 0x6E, 0x2F, 0x4D,
    0x65, 0x6D, 0x62, 0x65, 0x72, 0x43, 0x6C, 0x61,
    0x73, 0x73, 0x65, 0x73, 0x3B, 0x00, 0x24, 0x4C,
    0x64, 0x61, 0x6C, 0x76, 0x69, 0x6B, 0x2F, 0x61,
    0x6E, 0x6E, 0x6F, 0x74, 0x61, 0x74, 0x69, 0x6F,
    0x6E, 0x2F, 0x4D, 0x65, 0x74, 0x68, 0x6F, 0x64,
    0x50, 0x61, 0x72, 0x61, 0x6D, 0x65, 0x74, 0x65,
    0x72, 0x73, 0x3B, 0x00, 0x1D, 0x4C, 0x64, 0x61,
    0x6C, 0x76, 0x69, 0x6B, 0x2F, 0x61, 0x6E, 0x6E,
    0x6F, 0x74, 0x61, 0x74, 0x69, 0x6F, 0x6E, 0x2F,
    0x53, 0x69, 0x67, 0x6E, 0x61, 0x74, 0x75, 0x72,
    0x65, 0x3B, 0x00, 0x13, 0x4C, 0x6A, 0x61, 0x76,
    0x61, 0x2F, 0x6C, 0x61, 0x6E, 0x67, 0x2F, 0x42,
    0x6F, 0x6F, 0x6C, 0x65, 0x61, 0x6E, 0x3B, 0x00,
    0x18, 0x4C, 0x6A, 0x61, 0x76, 0x61, 0x2F, 0x6C,
    0x61, 0x6E, 0x67, 0x2F, 0x43, 0x68, 0x61, 0x72,
    0x53, 0x65, 0x71, 0x75, 0x65, 0x6E, 0x63, 0x65,
    0x3B, 0x00, 0x15, 0x4C, 0x6A, 0x61, 0x76, 0x61,
    0x2F, 0x6C, 0x61, 0x6E, 0x67, 0x2F, 0x45, 0x78,
    0x63, 0x65, 0x70, 0x74, 0x69, 0x6F, 0x6E, 0x3B,
    0x00, 0x10, 0x4C, 0x6A, 0x61, 0x76, 0x61, 0x2F,
    0x6C, 0x61, 0x6E, 0x67, 0x2F, 0x4D, 0x61, 0x74,
    0x68, 0x3B, 0x00, 0x12, 0x4C, 0x6A, 0x61, 0x76,
    0x61, 0x2F, 0x6C, 0x61, 0x6E, 0x67, 0x2F, 0x4F,
    0x62, 0x6A, 0x65, 0x63, 0x74, 0x3B, 0x00, 0x14,
    0x4C, 0x6A, 0x61, 0x76, 0x61, 0x2F, 0x6C, 0x61,
    0x6E, 0x67, 0x2F, 0x52, 0x75, 0x6E, 0x6E, 0x61,
    0x62, 0x6C, 0x65, 0x3B, 0x00, 0x12, 0x4C, 0x6A,
    0x61, 0x76, 0x61, 0x2F, 0x6C, 0x61, 0x6E, 0x67,
    0x2F, 0x53, 0x74, 0x72, 0x69, 0x6E, 0x67, 0x3B,
    0x00, 0x19, 0x4C, 0x6A, 0x61, 0x76, 0x61, 0x2F,
    0x6C, 0x61, 0x6E, 0x67, 0x2F, 0x53, 0x74, 0x72,
    0x69, 0x6E, 0x67, 0x42, 0x75, 0x69, 0x6C, 0x64,
    0x65, 0x72, 0x3B, 0x00, 0x12, 0x4C, 0x6A, 0x61,
    0x76, 0x61, 0x2F, 0x6C, 0x61, 0x6E, 0x67, 0x2F,
    0x53, 0x79, 0x73, 0x74, 0x65, 0x6D, 0x3B, 0x00,
    0x15, 0x4C, 0x6A, 0x61, 0x76, 0x61, 0x2F, 0x75,
    0x74, 0x69, 0x6C, 0x2F, 0x41, 0x72, 0x72, 0x61,
    0x79, 0x4C, 0x69, 0x73, 0x74, 0x3B, 0x00, 0x10,
    0x4C, 0x6A, 0x61, 0x76, 0x61, 0x2F, 0x75, 0x74,
    0x69, 0x6C, 0x2F, 0x4C, 0x69, 0x73, 0x74, 0x3B,
    0x00, 0x10, 0x4C, 0x6A, 0x61, 0x76, 0x61, 0x2F,
    0x75, 0x74, 0x69, 0x6C, 0x2F, 0x4C, 0x69, 0x73,
    0x74, 0x3C, 0x00, 0x2A, 0x4C, 0x6A, 0x61, 0x76,
    0x61, 0x78, 0x2F, 0x6D, 0x69, 0x63, 0x72, 0x6F,
    0x65, 0x64, 0x69, 0x74, 0x69, 0x6F, 0x6E, 0x2F,
    0x6B, 0x68, 0x72, 0x6F, 0x6E, 0x6F, 0x73, 0x2F,
    0x65, 0x67, 0x6C, 0x2F, 0x45, 0x47, 0x4C, 0x43,
    0x6F, 0x6E, 0x66, 0x69, 0x67, 0x3B, 0x00, 0x2A,
    0x4C, 0x6A, 0x61, 0x76, 0x61, 0x78, 0x2F, 0x6D,
    0x69, 0x63, 0x72, 0x6F, 0x65, 0x64, 0x69, 0x74,
    0x69, 0x6F, 0x6E, 0x2F, 0x6B, 0x68, 0x72, 0x6F,
    0x6E, 0x6F, 0x73, 0x2F, 0x6F, 0x70, 0x65, 0x6E,
    0x67, 0x6C, 0x65, 0x73, 0x2F, 0x47, 0x4C, 0x31,
    0x30, 0x3B, 0x00, 0x0B, 0x4C, 0x6F, 0x67, 0x67,
    0x65, 0x72, 0x2E, 0x6A, 0x61, 0x76, 0x61, 0x00,
    0x0C, 0x4D, 0x61, 0x69, 0x6E, 0x41, 0x63, 0x74,
    0x69, 0x76, 0x69, 0x74, 0x79, 0x00, 0x11, 0x4D,
    0x61, 0x69, 0x6E, 0x41, 0x63, 0x74, 0x69, 0x76,
    0x69, 0x74, 0x79, 0x2E, 0x6A, 0x61, 0x76, 0x61,
    0x00, 0x08, 0x4D, 0x6F, 0x64, 0x5F, 0x4D, 0x65,
    0x6E, 0x75, 0x00, 0x14, 0x4D, 0x79, 0x47, 0x4C,
    0x53, 0x75, 0x72, 0x66, 0x61, 0x63, 0x65, 0x56,
    0x69, 0x65, 0x77, 0x2E, 0x6A, 0x61, 0x76, 0x61,
    0x00, 0x11, 0x4E, 0x61, 0x74, 0x69, 0x76, 0x65,
    0x4D, 0x65, 0x74, 0x68, 0x6F, 0x64, 0x2E, 0x6A,
    0x61, 0x76, 0x61, 0x00, 0x0C, 0x53, 0x61, 0x66,
    0x65, 0x45, 0x64, 0x69, 0x74, 0x54, 0x65, 0x78,
    0x74, 0x00, 0x1A, 0x53, 0x79, 0x6E, 0x63, 0x20,
    0x50, 0x72, 0x6F, 0x78, 0x79, 0x20, 0x57, 0x69,
    0x6E, 0x64, 0x6F, 0x77, 0x73, 0x20, 0x45, 0x72,
    0x72, 0x6F, 0x72, 0x3A, 0x20, 0x00, 0x03, 0x54,
    0x41, 0x47, 0x00, 0x0E, 0x54, 0x6F, 0x75, 0x63,
    0x68, 0x56, 0x69, 0x65, 0x77, 0x2E, 0x6A, 0x61,
    0x76, 0x61, 0x00, 0x0F, 0x55, 0x70, 0x64, 0x61,
    0x74, 0x65, 0x49, 0x6E, 0x70, 0x75, 0x74, 0x54,
    0x65, 0x78, 0x74, 0x00, 0x01, 0x56, 0x00, 0x02,
    0x56, 0x46, 0x00, 0x05, 0x56, 0x46, 0x46, 0x46,
    0x4C, 0x00, 0x02, 0x56, 0x49, 0x00, 0x03, 0x56,
    0x49, 0x49, 0x00, 0x05, 0x56, 0x49, 0x49, 0x49,
    0x49, 0x00, 0x06, 0x56, 0x49, 0x49, 0x49, 0x49,
    0x49, 0x00, 0x07, 0x56, 0x49, 0x49, 0x49, 0x49,
    0x49, 0x49, 0x00, 0x02, 0x56, 0x4C, 0x00, 0x04,
    0x56, 0x4C, 0x49, 0x49, 0x00, 0x05, 0x56, 0x4C,
    0x49, 0x49, 0x49, 0x00, 0x03, 0x56, 0x4C, 0x4C,
    0x00, 0x04, 0x56, 0x4C, 0x4C, 0x4C, 0x00, 0x04,
    0x56, 0x4C, 0x4C, 0x5A, 0x00, 0x03, 0x56, 0x4C,
    0x5A, 0x00, 0x02, 0x56, 0x5A, 0x00, 0x01, 0x5A,
    0x00, 0x04, 0x5A, 0x46, 0x46, 0x49, 0x00, 0x03,
    0x5A, 0x49, 0x49, 0x00, 0x03, 0x5A, 0x49, 0x4C,
    0x00, 0x02, 0x5A, 0x4C, 0x00, 0x03, 0x5A, 0x4C,
    0x49, 0x00, 0x03, 0x5A, 0x4C, 0x4A, 0x00, 0x02,
    0x5B, 0x46, 0x00, 0x0B, 0x61, 0x63, 0x63, 0x65,
    0x73, 0x73, 0x46, 0x6C, 0x61, 0x67, 0x73, 0x00,
    0x06, 0x61, 0x63, 0x74, 0x69, 0x6F, 0x6E, 0x00,
    0x08, 0x61, 0x63, 0x74, 0x69, 0x76, 0x69, 0x74,
    0x79, 0x00, 0x0D, 0x61, 0x63, 0x74, 0x69, 0x76,
    0x69, 0x74, 0x79, 0x5F, 0x6D, 0x61, 0x69, 0x6E,
    0x00, 0x03, 0x61, 0x64, 0x64, 0x00, 0x16, 0x61,
    0x64, 0x64, 0x54, 0x65, 0x78, 0x74, 0x43, 0x68,
    0x61, 0x6E, 0x67, 0x65, 0x64, 0x4C, 0x69, 0x73,
    0x74, 0x65, 0x6E, 0x65, 0x72, 0x00, 0x07, 0x61,
    0x64, 0x64, 0x56, 0x69, 0x65, 0x77, 0x00, 0x05,
    0x61, 0x64, 0x64, 0x65, 0x64, 0x00, 0x05, 0x61,
    0x66, 0x74, 0x65, 0x72, 0x00, 0x0B, 0x61, 0x66,
    0x74, 0x65, 0x72, 0x4C, 0x65, 0x6E, 0x67, 0x74,
    0x68, 0x00, 0x10, 0x61, 0x66, 0x74, 0x65, 0x72,
    0x54, 0x65, 0x78, 0x74, 0x43, 0x68, 0x61, 0x6E,
    0x67, 0x65, 0x64, 0x00, 0x02, 0x61, 0x6D, 0x00,
    0x06, 0x61, 0x70, 0x70, 0x65, 0x6E, 0x64, 0x00,
    0x04, 0x61, 0x72, 0x67, 0x30, 0x00, 0x04, 0x61,
    0x72, 0x67, 0x31, 0x00, 0x05, 0x61, 0x74, 0x74,
    0x72, 0x73, 0x00, 0x0E, 0x62, 0x61, 0x73, 0x65,
    0x43, 0x6F, 0x6E, 0x6E, 0x65, 0x63, 0x74, 0x69,
    0x6F, 0x6E, 0x00, 0x06, 0x62, 0x65, 0x66, 0x6F,
    0x72, 0x65, 0x00, 0x0C, 0x62, 0x65, 0x66, 0x6F,
    0x72, 0x65, 0x4C, 0x65, 0x6E, 0x67, 0x74, 0x68,
    0x00, 0x11, 0x62, 0x65, 0x66, 0x6F, 0x72, 0x65,
    0x54, 0x65, 0x78, 0x74, 0x43, 0x68, 0x61, 0x6E,
    0x67, 0x65, 0x64, 0x00, 0x0C, 0x62, 0x6F, 0x6F,
    0x6C, 0x65, 0x61, 0x6E, 0x56, 0x61, 0x6C, 0x75,
    0x65, 0x00, 0x06, 0x62, 0x6F, 0x74, 0x74, 0x6F,
    0x6D, 0x00, 0x06, 0x62, 0x6F, 0x75, 0x6E, 0x64,
    0x73, 0x00, 0x06, 0x63, 0x61, 0x6E, 0x76, 0x61,
    0x73, 0x00, 0x0A, 0x63, 0x6C, 0x65, 0x61, 0x72,
    0x46, 0x6F, 0x63, 0x75, 0x73, 0x00, 0x16, 0x63,
    0x6C, 0x65, 0x61, 0x72, 0x49, 0x6E, 0x70, 0x75,
    0x74, 0x50, 0x72, 0x6F, 0x78, 0x79, 0x57, 0x69,
    0x6E, 0x64, 0x6F, 0x77, 0x73, 0x00, 0x06, 0x63,
    0x6F, 0x6E, 0x66, 0x69, 0x67, 0x00, 0x11, 0x63,
    0x6F, 0x6E, 0x66, 0x69, 0x67, 0x75, 0x72, 0x61,
    0x74, 0x69, 0x6F, 0x6E, 0x49, 0x6E, 0x66, 0x6F,
    0x00, 0x07, 0x63, 0x6F, 0x6E, 0x74, 0x65, 0x78,
    0x74, 0x00, 0x05, 0x63, 0x6F, 0x75, 0x6E, 0x74,
    0x00, 0x03, 0x63, 0x74, 0x78, 0x00, 0x01, 0x64,
    0x00, 0x15, 0x64, 0x65, 0x6C, 0x65, 0x74, 0x65,
    0x53, 0x75, 0x72, 0x72, 0x6F, 0x75, 0x6E, 0x64,
    0x69, 0x6E, 0x67, 0x54, 0x65, 0x78, 0x74, 0x00,
    0x16, 0x64, 0x69, 0x73, 0x70, 0x61, 0x74, 0x63,
    0x68, 0x4B, 0x65, 0x79, 0x45, 0x76, 0x65, 0x6E,
    0x74, 0x50, 0x72, 0x65, 0x49, 0x6D, 0x65, 0x00,
    0x02, 0x64, 0x6D, 0x00, 0x0A, 0x64, 0x72, 0x61,
    0x77, 0x43, 0x69, 0x72, 0x63, 0x6C, 0x65, 0x00,
    0x01, 0x65, 0x00, 0x0A, 0x65, 0x64, 0x69, 0x74,
    0x50, 0x61, 0x72, 0x61, 0x6D, 0x73, 0x00, 0x05,
    0x65, 0x76, 0x65, 0x6E, 0x74, 0x00, 0x03, 0x66,
    0x24, 0x30, 0x00, 0x03, 0x66, 0x24, 0x31, 0x00,
    0x0C, 0x66, 0x69, 0x6E, 0x64, 0x56, 0x69, 0x65,
    0x77, 0x42, 0x79, 0x49, 0x64, 0x00, 0x03, 0x67,
    0x65, 0x74, 0x00, 0x09, 0x67, 0x65, 0x74, 0x41,
    0x63, 0x74, 0x69, 0x6F, 0x6E, 0x00, 0x0F, 0x67,
    0x65, 0x74, 0x41, 0x63, 0x74, 0x69, 0x6F, 0x6E,
    0x4D, 0x61, 0x73, 0x6B, 0x65, 0x64, 0x00, 0x0C,
    0x67, 0x65, 0x74, 0x44, 0x65, 0x63, 0x6F, 0x72,
    0x56, 0x69, 0x65, 0x77, 0x00, 0x11, 0x67, 0x65,
    0x74, 0x44, 0x65, 0x66, 0x61, 0x75, 0x6C, 0x74,
    0x44, 0x69, 0x73, 0x70, 0x6C, 0x61, 0x79, 0x00,
    0x1A, 0x67, 0x65, 0x74, 0x44, 0x65, 0x76, 0x69,
    0x63, 0x65, 0x43, 0x6F, 0x6E, 0x66, 0x69, 0x67,
    0x75, 0x72, 0x61, 0x74, 0x69, 0x6F, 0x6E, 0x49,
    0x6E, 0x66, 0x6F, 0x00, 0x09, 0x67, 0x65, 0x74,
    0x48, 0x6F, 0x6C, 0x64, 0x65, 0x72, 0x00, 0x0A,
    0x67, 0x65, 0x74, 0x4B, 0x65, 0x79, 0x43, 0x6F,
    0x64, 0x65, 0x00, 0x0F, 0x67, 0x65, 0x74, 0x4C,
    0x61, 0x79, 0x6F, 0x75, 0x74, 0x50, 0x61, 0x72,
    0x61, 0x6D, 0x73, 0x00, 0x0D, 0x67, 0x65, 0x74,
    0x4D, 0x61, 0x69, 0x6E, 0x4C, 0x6F, 0x6F, 0x70,
    0x65, 0x72, 0x00, 0x0A, 0x67, 0x65, 0x74, 0x4D,
    0x65, 0x73, 0x73, 0x61, 0x67, 0x65, 0x00, 0x07,
    0x67, 0x65, 0x74, 0x52, 0x61, 0x77, 0x58, 0x00,
    0x07, 0x67, 0x65, 0x74, 0x52, 0x61, 0x77, 0x59,
    0x00, 0x0E, 0x67, 0x65, 0x74, 0x52, 0x65, 0x61,
    0x6C, 0x4D, 0x65, 0x74, 0x72, 0x69, 0x63, 0x73,
    0x00, 0x0A, 0x67, 0x65, 0x74, 0x53, 0x75, 0x72,
    0x66, 0x61, 0x63, 0x65, 0x00, 0x10, 0x67, 0x65,
    0x74, 0x53, 0x79, 0x73, 0x74, 0x65, 0x6D, 0x53,
    0x65, 0x72, 0x76, 0x69, 0x63, 0x65, 0x00, 0x0D,
    0x67, 0x65, 0x74, 0x56, 0x69, 0x73, 0x69, 0x62,
    0x69, 0x6C, 0x69, 0x74, 0x79, 0x00, 0x09, 0x67,
    0x65, 0x74, 0x57, 0x69, 0x6E, 0x64, 0x6F, 0x77,
    0x00, 0x0E, 0x67, 0x65, 0x74, 0x57, 0x69, 0x6E,
    0x64, 0x6F, 0x77, 0x54, 0x6F, 0x6B, 0x65, 0x6E,
    0x00, 0x04, 0x67, 0x65, 0x74, 0x58, 0x00, 0x04,
    0x67, 0x65, 0x74, 0x59, 0x00, 0x02, 0x67, 0x6C,
    0x00, 0x07, 0x67, 0x6C, 0x43, 0x6C, 0x65, 0x61,
    0x72, 0x00, 0x0A, 0x67, 0x6C, 0x56, 0x69, 0x65,
    0x77, 0x70, 0x6F, 0x72, 0x74, 0x00, 0x07, 0x67,
    0x72, 0x61, 0x76, 0x69, 0x74, 0x79, 0x00, 0x0B,
    0x68, 0x61, 0x6E, 0x64, 0x6C, 0x65, 0x54, 0x6F,
    0x75, 0x63, 0x68, 0x00, 0x06, 0x68, 0x65, 0x69,
    0x67, 0x68, 0x74, 0x00, 0x0C, 0x68, 0x65, 0x69,
    0x67, 0x68, 0x74, 0x50, 0x69, 0x78, 0x65, 0x6C,
    0x73, 0x00, 0x0B, 0x68, 0x69, 0x64, 0x65, 0x49,
    0x6E, 0x70, 0x75, 0x74, 0x55, 0x49, 0x00, 0x17,
    0x68, 0x69, 0x64, 0x65, 0x53, 0x6F, 0x66, 0x74,
    0x49, 0x6E, 0x70, 0x75, 0x74, 0x46, 0x72, 0x6F,
    0x6D, 0x57, 0x69, 0x6E, 0x64, 0x6F, 0x77, 0x00,
    0x01, 0x69, 0x00, 0x03, 0x69, 0x6D, 0x6D, 0x00,
    0x05, 0x69, 0x6E, 0x64, 0x65, 0x78, 0x00, 0x04,
    0x69, 0x6E, 0x69, 0x74, 0x00, 0x11, 0x69, 0x6E,
    0x69, 0x74, 0x48, 0x69, 0x64, 0x64, 0x65, 0x6E,
    0x49, 0x6E, 0x70, 0x75, 0x74, 0x55, 0x49, 0x00,
    0x0D, 0x69, 0x6E, 0x70, 0x75, 0x74, 0x45, 0x64,
    0x69, 0x74, 0x54, 0x65, 0x78, 0x74, 0x00, 0x0C,
    0x69, 0x6E, 0x70, 0x75, 0x74, 0x5F, 0x6D, 0x65,
    0x74, 0x68, 0x6F, 0x64, 0x00, 0x0A, 0x69, 0x6E,
    0x76, 0x61, 0x6C, 0x69, 0x64, 0x61, 0x74, 0x65,
    0x00, 0x07, 0x6B, 0x65, 0x79, 0x43, 0x6F, 0x64,
    0x65, 0x00, 0x14, 0x6C, 0x61, 0x6D, 0x62, 0x64,
    0x61, 0x24, 0x68, 0x69, 0x64, 0x65, 0x49, 0x6E,
    0x70, 0x75, 0x74, 0x55, 0x49, 0x24, 0x33, 0x00,
    0x14, 0x6C, 0x61, 0x6D, 0x62, 0x64, 0x61, 0x24,
    0x73, 0x68, 0x6F, 0x77, 0x49, 0x6E, 0x70, 0x75,
    0x74, 0x55, 0x49, 0x24, 0x32, 0x00, 0x12, 0x6C,
    0x61, 0x6D, 0x62, 0x64, 0x61, 0x24, 0x73, 0x74,
    0x61, 0x72, 0x74, 0x4D, 0x65, 0x6E, 0x75, 0x24,
    0x30, 0x00, 0x12, 0x6C, 0x61, 0x6D, 0x62, 0x64,
    0x61, 0x24, 0x73, 0x74, 0x61, 0x72, 0x74, 0x4D,
    0x65, 0x6E, 0x75, 0x24, 0x31, 0x00, 0x04, 0x6C,
    0x65, 0x66, 0x74, 0x00, 0x0B, 0x6C, 0x6F, 0x61,
    0x64, 0x4C, 0x69, 0x62, 0x72, 0x61, 0x72, 0x79,
    0x00, 0x07, 0x6D, 0x65, 0x73, 0x73, 0x61, 0x67,
    0x65, 0x00, 0x03, 0x6D, 0x69, 0x6E, 0x00, 0x0F,
    0x6D, 0x79, 0x47, 0x4C, 0x53, 0x75, 0x72, 0x66,
    0x61, 0x63, 0x65, 0x56, 0x69, 0x65, 0x77, 0x00,
    0x08, 0x6D, 0x79, 0x4C, 0x6F, 0x6F, 0x70, 0x65,
    0x72, 0x00, 0x04, 0x6E, 0x61, 0x6D, 0x65, 0x00,
    0x05, 0x6E, 0x61, 0x6D, 0x65, 0x73, 0x00, 0x08,
    0x6F, 0x6E, 0x43, 0x72, 0x65, 0x61, 0x74, 0x65,
    0x00, 0x17, 0x6F, 0x6E, 0x43, 0x72, 0x65, 0x61,
    0x74, 0x65, 0x49, 0x6E, 0x70, 0x75, 0x74, 0x43,
    0x6F, 0x6E, 0x6E, 0x65, 0x63, 0x74, 0x69, 0x6F,
    0x6E, 0x00, 0x06, 0x6F, 0x6E, 0x44, 0x72, 0x61,
    0x77, 0x00, 0x0B, 0x6F, 0x6E, 0x44, 0x72, 0x61,
    0x77, 0x46, 0x72, 0x61, 0x6D, 0x65, 0x00, 0x0B,
    0x6F, 0x6E, 0x4B, 0x65, 0x79, 0x50, 0x72, 0x65,
    0x49, 0x6D, 0x65, 0x00, 0x10, 0x6F, 0x6E, 0x53,
    0x75, 0x72, 0x66, 0x61, 0x63, 0x65, 0x43, 0x68,
    0x61, 0x6E, 0x67, 0x65, 0x64, 0x00, 0x10, 0x6F,
    0x6E, 0x53, 0x75, 0x72, 0x66, 0x61, 0x63, 0x65,
    0x43, 0x72, 0x65, 0x61, 0x74, 0x65, 0x64, 0x00,
    0x12, 0x6F, 0x6E, 0x53, 0x75, 0x72, 0x66, 0x61,
    0x63, 0x65, 0x44, 0x65, 0x73, 0x74, 0x72, 0x6F,
    0x79, 0x65, 0x64, 0x00, 0x0D, 0x6F, 0x6E, 0x54,
    0x65, 0x78, 0x74, 0x43, 0x68, 0x61, 0x6E, 0x67,
    0x65, 0x64, 0x00, 0x0C, 0x6F, 0x6E, 0x54, 0x6F,
    0x75, 0x63, 0x68, 0x45, 0x76, 0x65, 0x6E, 0x74,
    0x00, 0x08, 0x6F, 0x75, 0x74, 0x41, 0x74, 0x74,
    0x72, 0x73, 0x00, 0x07, 0x70, 0x61, 0x64, 0x64,
    0x69, 0x6E, 0x67, 0x00, 0x05, 0x70, 0x61, 0x69,
    0x6E, 0x74, 0x00, 0x06, 0x70, 0x61, 0x72, 0x61,
    0x6D, 0x73, 0x00, 0x04, 0x70, 0x6F, 0x73, 0x74,
    0x00, 0x0B, 0x70, 0x6F, 0x73, 0x74, 0x44, 0x65,
    0x6C, 0x61, 0x79, 0x65, 0x64, 0x00, 0x0A, 0x70,
    0x72, 0x6F, 0x78, 0x79, 0x46, 0x6C, 0x61, 0x67,
    0x73, 0x00, 0x09, 0x70, 0x72, 0x6F, 0x78, 0x79,
    0x56, 0x69, 0x65, 0x77, 0x00, 0x09, 0x72, 0x61,
    0x77, 0x42, 0x6F, 0x74, 0x74, 0x6F, 0x6D, 0x00,
    0x09, 0x72, 0x61, 0x77, 0x48, 0x65, 0x69, 0x67,
    0x68, 0x74, 0x00, 0x07, 0x72, 0x61, 0x77, 0x4C,
    0x65, 0x66, 0x74, 0x00, 0x08, 0x72, 0x61, 0x77,
    0x52, 0x69, 0x67, 0x68, 0x74, 0x00, 0x06, 0x72,
    0x61, 0x77, 0x54, 0x6F, 0x70, 0x00, 0x08, 0x72,
    0x61, 0x77, 0x57, 0x69, 0x64, 0x74, 0x68, 0x00,
    0x04, 0x72, 0x61, 0x77, 0x58, 0x00, 0x04, 0x72,
    0x61, 0x77, 0x59, 0x00, 0x06, 0x72, 0x65, 0x6D,
    0x6F, 0x76, 0x65, 0x00, 0x0F, 0x72, 0x65, 0x6D,
    0x6F, 0x76, 0x65, 0x43, 0x61, 0x6C, 0x6C, 0x62,
    0x61, 0x63, 0x6B, 0x73, 0x00, 0x18, 0x72, 0x65,
    0x6D, 0x6F, 0x76, 0x65, 0x49, 0x6E, 0x70, 0x75,
    0x74, 0x50, 0x72, 0x6F, 0x78, 0x79, 0x57, 0x69,
    0x6E, 0x64, 0x6F, 0x77, 0x41, 0x74, 0x00, 0x13,
    0x72, 0x65, 0x6D, 0x6F, 0x76, 0x65, 0x56, 0x69,
    0x65, 0x77, 0x49, 0x6D, 0x6D, 0x65, 0x64, 0x69,
    0x61, 0x74, 0x65, 0x00, 0x0E, 0x72, 0x65, 0x71,
    0x47, 0x6C, 0x45, 0x73, 0x56, 0x65, 0x72, 0x73,
    0x69, 0x6F, 0x6E, 0x00, 0x0C, 0x72, 0x65, 0x71,
    0x75, 0x65, 0x73, 0x74, 0x46, 0x6F, 0x63, 0x75,
    0x73, 0x00, 0x05, 0x72, 0x69, 0x67, 0x68, 0x74,
    0x00, 0x08, 0x72, 0x6F, 0x6F, 0x74, 0x56, 0x69,
    0x65, 0x77, 0x00, 0x03, 0x72, 0x75, 0x6E, 0x00,
    0x01, 0x73, 0x00, 0x10, 0x73, 0x49, 0x6E, 0x70,
    0x75, 0x74, 0x50, 0x72, 0x6F, 0x78, 0x79, 0x56,
    0x69, 0x65, 0x77, 0x73, 0x00, 0x13, 0x73, 0x52,
    0x65, 0x67, 0x69, 0x6F, 0x6E, 0x53, 0x79, 0x6E,
    0x63, 0x52, 0x75, 0x6E, 0x6E, 0x61, 0x62, 0x6C,
    0x65, 0x00, 0x0E, 0x73, 0x57, 0x69, 0x6E, 0x64,
    0x6F, 0x77, 0x4D, 0x61, 0x6E, 0x61, 0x67, 0x65,
    0x72, 0x00, 0x09, 0x73, 0x57, 0x6D, 0x50, 0x61,
    0x72, 0x61, 0x6D, 0x73, 0x00, 0x12, 0x73, 0x61,
    0x76, 0x65, 0x64, 0x49, 0x6E, 0x73, 0x74, 0x61,
    0x6E, 0x63, 0x65, 0x53, 0x74, 0x61, 0x74, 0x65,
    0x00, 0x0C, 0x73, 0x65, 0x6E, 0x64, 0x4B, 0x65,
    0x79, 0x45, 0x76, 0x65, 0x6E, 0x74, 0x00, 0x03,
    0x73, 0x65, 0x74, 0x00, 0x08, 0x73, 0x65, 0x74,
    0x41, 0x6C, 0x70, 0x68, 0x61, 0x00, 0x12, 0x73,
    0x65, 0x74, 0x42, 0x61, 0x63, 0x6B, 0x67, 0x72,
    0x6F, 0x75, 0x6E, 0x64, 0x43, 0x6F, 0x6C, 0x6F,
    0x72, 0x00, 0x08, 0x73, 0x65, 0x74, 0x43, 0x6F,
    0x6C, 0x6F, 0x72, 0x00, 0x0E, 0x73, 0x65, 0x74,
    0x43, 0x6F, 0x6E, 0x74, 0x65, 0x6E, 0x74, 0x56,
    0x69, 0x65, 0x77, 0x00, 0x13, 0x73, 0x65, 0x74,
    0x45, 0x47, 0x4C, 0x43, 0x6F, 0x6E, 0x66, 0x69,
    0x67, 0x43, 0x68, 0x6F, 0x6F, 0x73, 0x65, 0x72,
    0x00, 0x1A, 0x73, 0x65, 0x74, 0x45, 0x47, 0x4C,
    0x43, 0x6F, 0x6E, 0x74, 0x65, 0x78, 0x74, 0x43,
    0x6C, 0x69, 0x65, 0x6E, 0x74, 0x56, 0x65, 0x72,
    0x73, 0x69, 0x6F, 0x6E, 0x00, 0x0C, 0x73, 0x65,
    0x74, 0x46, 0x6F, 0x63, 0x75, 0x73, 0x61, 0x62,
    0x6C, 0x65, 0x00, 0x17, 0x73, 0x65, 0x74, 0x46,
    0x6F, 0x63, 0x75, 0x73, 0x61, 0x62, 0x6C, 0x65,
    0x49, 0x6E, 0x54, 0x6F, 0x75, 0x63, 0x68, 0x4D,
    0x6F, 0x64, 0x65, 0x00, 0x09, 0x73, 0x65, 0x74,
    0x46, 0x6F, 0x72, 0x6D, 0x61, 0x74, 0x00, 0x0D,
    0x73, 0x65, 0x74, 0x49, 0x6D, 0x65, 0x4F, 0x70,
    0x74, 0x69, 0x6F, 0x6E, 0x73, 0x00, 0x0C, 0x73,
    0x65, 0x74, 0x49, 0x6E, 0x70, 0x75, 0x74, 0x54,
    0x79, 0x70, 0x65, 0x00, 0x1C, 0x73, 0x65, 0x74,
    0x50, 0x72, 0x65, 0x73, 0x65, 0x72, 0x76, 0x65,
    0x45, 0x47, 0x4C, 0x43, 0x6F, 0x6E, 0x74, 0x65,
    0x78, 0x74, 0x4F, 0x6E, 0x50, 0x61, 0x75, 0x73,
    0x65, 0x00, 0x0D, 0x73, 0x65, 0x74, 0x52, 0x65,
    0x6E, 0x64, 0x65, 0x72, 0x4D, 0x6F, 0x64, 0x65,
    0x00, 0x0B, 0x73, 0x65, 0x74, 0x52, 0x65, 0x6E,
    0x64, 0x65, 0x72, 0x65, 0x72, 0x00, 0x08, 0x73,
    0x65, 0x74, 0x53, 0x74, 0x79, 0x6C, 0x65, 0x00,
    0x07, 0x73, 0x65, 0x74, 0x54, 0x65, 0x78, 0x74,
    0x00, 0x0C, 0x73, 0x65, 0x74, 0x54, 0x65, 0x78,
    0x74, 0x43, 0x6F, 0x6C, 0x6F, 0x72, 0x00, 0x0D,
    0x73, 0x65, 0x74, 0x56, 0x69, 0x73, 0x69, 0x62,
    0x69, 0x6C, 0x69, 0x74, 0x79, 0x00, 0x0E, 0x73,
    0x65, 0x74, 0x5A, 0x4F, 0x72, 0x64, 0x65, 0x72,
    0x4F, 0x6E, 0x54, 0x6F, 0x70, 0x00, 0x0B, 0x73,
    0x68, 0x6F, 0x77, 0x49, 0x6E, 0x70, 0x75, 0x74,
    0x55, 0x49, 0x00, 0x0D, 0x73, 0x68, 0x6F, 0x77,
    0x53, 0x6F, 0x66, 0x74, 0x49, 0x6E, 0x70, 0x75,
    0x74, 0x00, 0x04, 0x73, 0x69, 0x7A, 0x65, 0x00,
    0x05, 0x73, 0x74, 0x61, 0x72, 0x74, 0x00, 0x09,
    0x73, 0x74, 0x61, 0x72, 0x74, 0x4D, 0x65, 0x6E,
    0x75, 0x00, 0x14, 0x73, 0x74, 0x61, 0x72, 0x74,
    0x52, 0x65, 0x67, 0x69, 0x6F, 0x6E, 0x49, 0x6E,
    0x70, 0x75, 0x74, 0x53, 0x79, 0x6E, 0x63, 0x00,
    0x09, 0x73, 0x75, 0x62, 0x73, 0x74, 0x72, 0x69,
    0x6E, 0x67, 0x00, 0x11, 0x73, 0x75, 0x70, 0x70,
    0x6F, 0x72, 0x74, 0x73, 0x4F, 0x70, 0x65, 0x6E,
    0x47, 0x4C, 0x45, 0x53, 0x33, 0x00, 0x0B, 0x73,
    0x75, 0x72, 0x66, 0x61, 0x63, 0x65, 0x56, 0x69,
    0x65, 0x77, 0x00, 0x16, 0x73, 0x79, 0x6E, 0x63,
    0x52, 0x65, 0x67, 0x69, 0x6F, 0x6E, 0x49, 0x6E,
    0x70, 0x75, 0x74, 0x57, 0x69, 0x6E, 0x64, 0x6F,
    0x77, 0x73, 0x00, 0x03, 0x74, 0x61, 0x67, 0x00,
    0x06, 0x74, 0x68, 0x69, 0x73, 0x24, 0x30, 0x00,
    0x08, 0x74, 0x6F, 0x53, 0x74, 0x72, 0x69, 0x6E,
    0x67, 0x00, 0x05, 0x74, 0x6F, 0x6B, 0x65, 0x6E,
    0x00, 0x03, 0x74, 0x6F, 0x70, 0x00, 0x06, 0x74,
    0x6F, 0x75, 0x63, 0x68, 0x58, 0x00, 0x06, 0x74,
    0x6F, 0x75, 0x63, 0x68, 0x59, 0x00, 0x04, 0x74,
    0x79, 0x70, 0x65, 0x00, 0x09, 0x75, 0x69, 0x48,
    0x61, 0x6E, 0x64, 0x6C, 0x65, 0x72, 0x00, 0x0C,
    0x75, 0x70, 0x64, 0x61, 0x74, 0x65, 0x4F, 0x72,
    0x69, 0x67, 0x69, 0x6E, 0x00, 0x10, 0x75, 0x70,
    0x64, 0x61, 0x74, 0x65, 0x56, 0x69, 0x65, 0x77,
    0x4C, 0x61, 0x79, 0x6F, 0x75, 0x74, 0x00, 0x01,
    0x76, 0x00, 0x0A, 0x76, 0x61, 0x6C, 0x69, 0x64,
    0x49, 0x6E, 0x64, 0x65, 0x78, 0x00, 0x05, 0x76,
    0x61, 0x6C, 0x75, 0x65, 0x00, 0x07, 0x76, 0x61,
    0x6C, 0x75, 0x65, 0x4F, 0x66, 0x00, 0x04, 0x76,
    0x69, 0x65, 0x77, 0x00, 0x01, 0x77, 0x00, 0x05,
    0x77, 0x69, 0x64, 0x74, 0x68, 0x00, 0x0B, 0x77,
    0x69, 0x64, 0x74, 0x68, 0x50, 0x69, 0x78, 0x65,
    0x6C, 0x73, 0x00, 0x06, 0x77, 0x69, 0x6E, 0x64,
    0x6F, 0x77, 0x00, 0x0B, 0x77, 0x69, 0x6E, 0x64,
    0x6F, 0x77, 0x43, 0x6F, 0x75, 0x6E, 0x74, 0x00,
    0x03, 0x77, 0x74, 0x66, 0x00, 0x01, 0x78, 0x00,
    0x01, 0x79, 0x00, 0x65, 0x7E, 0x7E, 0x44, 0x38,
    0x7B, 0x22, 0x62, 0x61, 0x63, 0x6B, 0x65, 0x6E,
    0x64, 0x22, 0x3A, 0x22, 0x64, 0x65, 0x78, 0x22,
    0x2C, 0x22, 0x63, 0x6F, 0x6D, 0x70, 0x69, 0x6C,
    0x61, 0x74, 0x69, 0x6F, 0x6E, 0x2D, 0x6D, 0x6F,
    0x64, 0x65, 0x22, 0x3A, 0x22, 0x64, 0x65, 0x62,
    0x75, 0x67, 0x22, 0x2C, 0x22, 0x68, 0x61, 0x73,
    0x2D, 0x63, 0x68, 0x65, 0x63, 0x6B, 0x73, 0x75,
    0x6D, 0x73, 0x22, 0x3A, 0x74, 0x72, 0x75, 0x65,
    0x2C, 0x22, 0x6D, 0x69, 0x6E, 0x2D, 0x61, 0x70,
    0x69, 0x22, 0x3A, 0x32, 0x34, 0x2C, 0x22, 0x76,
    0x65, 0x72, 0x73, 0x69, 0x6F, 0x6E, 0x22, 0x3A,
    0x22, 0x39, 0x2E, 0x30, 0x2E, 0x33, 0x32, 0x22,
    0x7D, 0x00, 0xBE, 0x07, 0x7E, 0x7E, 0x7E, 0x7B,
    0x22, 0x4C, 0x63, 0x6F, 0x6D, 0x2F, 0x78, 0x61,
    0x2F, 0x4A, 0x61, 0x76, 0x61, 0x49, 0x6D, 0x67,
    0x75, 0x69, 0x2F, 0x4C, 0x6F, 0x67, 0x67, 0x65,
    0x72, 0x3B, 0x22, 0x3A, 0x22, 0x32, 0x63, 0x34,
    0x65, 0x64, 0x61, 0x38, 0x66, 0x22, 0x2C, 0x22,
    0x4C, 0x63, 0x6F, 0x6D, 0x2F, 0x78, 0x61, 0x2F,
    0x4A, 0x61, 0x76, 0x61, 0x49, 0x6D, 0x67, 0x75,
    0x69, 0x2F, 0x4D, 0x61, 0x69, 0x6E, 0x41, 0x63,
    0x74, 0x69, 0x76, 0x69, 0x74, 0x79, 0x24, 0x31,
    0x3B, 0x22, 0x3A, 0x22, 0x65, 0x31, 0x38, 0x36,
    0x65, 0x39, 0x63, 0x36, 0x22, 0x2C, 0x22, 0x4C,
    0x63, 0x6F, 0x6D, 0x2F, 0x78, 0x61, 0x2F, 0x4A,
    0x61, 0x76, 0x61, 0x49, 0x6D, 0x67, 0x75, 0x69,
    0x2F, 0x4D, 0x61, 0x69, 0x6E, 0x41, 0x63, 0x74,
    0x69, 0x76, 0x69, 0x74, 0x79, 0x3B, 0x22, 0x3A,
    0x22, 0x39, 0x37, 0x32, 0x33, 0x38, 0x32, 0x64,
    0x62, 0x22, 0x2C, 0x22, 0x4C, 0x63, 0x6F, 0x6D,
    0x2F, 0x78, 0x61, 0x2F, 0x4A, 0x61, 0x76, 0x61,
    0x49, 0x6D, 0x67, 0x75, 0x69, 0x2F, 0x4D, 0x79,
    0x47, 0x4C, 0x53, 0x75, 0x72, 0x66, 0x61, 0x63,
    0x65, 0x56, 0x69, 0x65, 0x77, 0x24, 0x24, 0x45,
    0x78, 0x74, 0x65, 0x72, 0x6E, 0x61, 0x6C, 0x53,
    0x79, 0x6E, 0x74, 0x68, 0x65, 0x74, 0x69, 0x63,
    0x4C, 0x61, 0x6D, 0x62, 0x64, 0x61, 0x30, 0x3B,
    0x22, 0x3A, 0x22, 0x32, 0x36, 0x35, 0x34, 0x34,
    0x63, 0x37, 0x31, 0x37, 0x22, 0x2C, 0x22, 0x4C,
    0x63, 0x6F, 0x6D, 0x2F, 0x78, 0x61, 0x2F, 0x4A,
    0x61, 0x76, 0x61, 0x49, 0x6D, 0x67, 0x75, 0x69,
    0x2F, 0x4D, 0x79, 0x47, 0x4C, 0x53, 0x75, 0x72,
    0x66, 0x61, 0x63, 0x65, 0x56, 0x69, 0x65, 0x77,
    0x24, 0x24, 0x45, 0x78, 0x74, 0x65, 0x72, 0x6E,
    0x61, 0x6C, 0x53, 0x79, 0x6E, 0x74, 0x68, 0x65,
    0x74, 0x69, 0x63, 0x4C, 0x61, 0x6D, 0x62, 0x64,
    0x61, 0x31, 0x3B, 0x22, 0x3A, 0x22, 0x34, 0x31,
    0x34, 0x62, 0x62, 0x61, 0x66, 0x34, 0x64, 0x22,
    0x2C, 0x22, 0x4C, 0x63, 0x6F, 0x6D, 0x2F, 0x78,
    0x61, 0x2F, 0x4A, 0x61, 0x76, 0x61, 0x49, 0x6D,
    0x67, 0x75, 0x69, 0x2F, 0x4D, 0x79, 0x47, 0x4C,
    0x53, 0x75, 0x72, 0x66, 0x61, 0x63, 0x65, 0x56,
    0x69, 0x65, 0x77, 0x24, 0x24, 0x45, 0x78, 0x74,
    0x65, 0x72, 0x6E, 0x61, 0x6C, 0x53, 0x79, 0x6E,
    0x74, 0x68, 0x65, 0x74, 0x69, 0x63, 0x4C, 0x61,
    0x6D, 0x62, 0x64, 0x61, 0x32, 0x3B, 0x22, 0x3A,
    0x22, 0x34, 0x62, 0x32, 0x34, 0x61, 0x39, 0x66,
    0x64, 0x31, 0x22, 0x2C, 0x22, 0x4C, 0x63, 0x6F,
    0x6D, 0x2F, 0x78, 0x61, 0x2F, 0x4A, 0x61, 0x76,
    0x61, 0x49, 0x6D, 0x67, 0x75, 0x69, 0x2F, 0x4D,
    0x79, 0x47, 0x4C, 0x53, 0x75, 0x72, 0x66, 0x61,
    0x63, 0x65, 0x56, 0x69, 0x65, 0x77, 0x24, 0x24,
    0x45, 0x78, 0x74, 0x65, 0x72, 0x6E, 0x61, 0x6C,
    0x53, 0x79, 0x6E, 0x74, 0x68, 0x65, 0x74, 0x69,
    0x63, 0x4C, 0x61, 0x6D, 0x62, 0x64, 0x61, 0x33,
    0x3B, 0x22, 0x3A, 0x22, 0x32, 0x63, 0x31, 0x30,
    0x30, 0x63, 0x62, 0x33, 0x33, 0x22, 0x2C, 0x22,
    0x4C, 0x63, 0x6F, 0x6D, 0x2F, 0x78, 0x61, 0x2F,
    0x4A, 0x61, 0x76, 0x61, 0x49, 0x6D, 0x67, 0x75,
    0x69, 0x2F, 0x4D, 0x79, 0x47, 0x4C, 0x53, 0x75,
    0x72, 0x66, 0x61, 0x63, 0x65, 0x56, 0x69, 0x65,
    0x77, 0x24, 0x31, 0x3B, 0x22, 0x3A, 0x22, 0x39,
    0x63, 0x66, 0x63, 0x62, 0x63, 0x37, 0x64, 0x22,
    0x2C, 0x22, 0x4C, 0x63, 0x6F, 0x6D, 0x2F, 0x78,
    0x61, 0x2F, 0x4A, 0x61, 0x76, 0x61, 0x49, 0x6D,
    0x67, 0x75, 0x69, 0x2F, 0x4D, 0x79, 0x47, 0x4C,
    0x53, 0x75, 0x72, 0x66, 0x61, 0x63, 0x65, 0x56,
    0x69, 0x65, 0x77, 0x24, 0x32, 0x3B, 0x22, 0x3A,
    0x22, 0x31, 0x39, 0x36, 0x33, 0x33, 0x66, 0x37,
    0x64, 0x22, 0x2C, 0x22, 0x4C, 0x63, 0x6F, 0x6D,
    0x2F, 0x78, 0x61, 0x2F, 0x4A, 0x61, 0x76, 0x61,
    0x49, 0x6D, 0x67, 0x75, 0x69, 0x2F, 0x4D, 0x79,
    0x47, 0x4C, 0x53, 0x75, 0x72, 0x66, 0x61, 0x63,
    0x65, 0x56, 0x69, 0x65, 0x77, 0x24, 0x47, 0x4C,
    0x52, 0x65, 0x6E, 0x64, 0x65, 0x72, 0x65, 0x72,
    0x3B, 0x22, 0x3A, 0x22, 0x38, 0x63, 0x66, 0x62,
    0x61, 0x61, 0x63, 0x64, 0x22, 0x2C, 0x22, 0x4C,
    0x63, 0x6F, 0x6D, 0x2F, 0x78, 0x61, 0x2F, 0x4A,
    0x61, 0x76, 0x61, 0x49, 0x6D, 0x67, 0x75, 0x69,
    0x2F, 0x4D, 0x79, 0x47, 0x4C, 0x53, 0x75, 0x72,
    0x66, 0x61, 0x63, 0x65, 0x56, 0x69, 0x65, 0x77,
    0x24, 0x49, 0x6E, 0x70, 0x75, 0x74, 0x50, 0x72,
    0x6F, 0x78, 0x79, 0x56, 0x69, 0x65, 0x77, 0x3B,
    0x22, 0x3A, 0x22, 0x31, 0x66, 0x34, 0x62, 0x62,
    0x38, 0x22, 0x2C, 0x22, 0x4C, 0x63, 0x6F, 0x6D,
    0x2F, 0x78, 0x61, 0x2F, 0x4A, 0x61, 0x76, 0x61,
    0x49, 0x6D, 0x67, 0x75, 0x69, 0x2F, 0x4D, 0x79,
    0x47, 0x4C, 0x53, 0x75, 0x72, 0x66, 0x61, 0x63,
    0x65, 0x56, 0x69, 0x65, 0x77, 0x24, 0x53, 0x61,
    0x66, 0x65, 0x45, 0x64, 0x69, 0x74, 0x54, 0x65,
    0x78, 0x74, 0x24, 0x31, 0x3B, 0x22, 0x3A, 0x22,
    0x65, 0x36, 0x64, 0x64, 0x38, 0x38, 0x38, 0x35,
    0x22, 0x2C, 0x22, 0x4C, 0x63, 0x6F, 0x6D, 0x2F,
    0x78, 0x61, 0x2F, 0x4A, 0x61, 0x76, 0x61, 0x49,
    0x6D, 0x67, 0x75, 0x69, 0x2F, 0x4D, 0x79, 0x47,
    0x4C, 0x53, 0x75, 0x72, 0x66, 0x61, 0x63, 0x65,
    0x56, 0x69, 0x65, 0x77, 0x24, 0x53, 0x61, 0x66,
    0x65, 0x45, 0x64, 0x69, 0x74, 0x54, 0x65, 0x78,
    0x74, 0x3B, 0x22, 0x3A, 0x22, 0x61, 0x62, 0x35,
    0x37, 0x66, 0x34, 0x64, 0x65, 0x22, 0x2C, 0x22,
    0x4C, 0x63, 0x6F, 0x6D, 0x2F, 0x78, 0x61, 0x2F,
    0x4A, 0x61, 0x76, 0x61, 0x49, 0x6D, 0x67, 0x75,
    0x69, 0x2F, 0x4D, 0x79, 0x47, 0x4C, 0x53, 0x75,
    0x72, 0x66, 0x61, 0x63, 0x65, 0x56, 0x69, 0x65,
    0x77, 0x2D, 0x49, 0x41, 0x3B, 0x22, 0x3A, 0x22,
    0x30, 0x22, 0x2C, 0x22, 0x4C, 0x63, 0x6F, 0x6D,
    0x2F, 0x78, 0x61, 0x2F, 0x4A, 0x61, 0x76, 0x61,
    0x49, 0x6D, 0x67, 0x75, 0x69, 0x2F, 0x4D, 0x79,
    0x47, 0x4C, 0x53, 0x75, 0x72, 0x66, 0x61, 0x63,
    0x65, 0x56, 0x69, 0x65, 0x77, 0x3B, 0x22, 0x3A,
    0x22, 0x34, 0x35, 0x35, 0x65, 0x37, 0x34, 0x34,
    0x31, 0x22, 0x2C, 0x22, 0x4C, 0x63, 0x6F, 0x6D,
    0x2F, 0x78, 0x61, 0x2F, 0x4A, 0x61, 0x76, 0x61,
    0x49, 0x6D, 0x67, 0x75, 0x69, 0x2F, 0x4E, 0x61,
    0x74, 0x69, 0x76, 0x65, 0x4D, 0x65, 0x74, 0x68,
    0x6F, 0x64, 0x3B, 0x22, 0x3A, 0x22, 0x66, 0x64,
    0x35, 0x37, 0x36, 0x62, 0x65, 0x62, 0x22, 0x2C,
    0x22, 0x4C, 0x63, 0x6F, 0x6D, 0x2F, 0x78, 0x61,
    0x2F, 0x4A, 0x61, 0x76, 0x61, 0x49, 0x6D, 0x67,
    0x75, 0x69, 0x2F, 0x54, 0x6F, 0x75, 0x63, 0x68,
    0x56, 0x69, 0x65, 0x77, 0x3B, 0x22, 0x3A, 0x22,
    0x33, 0x36, 0x37, 0x34, 0x66, 0x37, 0x39, 0x37,
    0x22, 0x7D, 0x00, 0x02, 0x3D, 0x02, 0x86, 0x01,
    0x1C, 0x01, 0x44, 0x10, 0x80, 0x00, 0xE2, 0x01,
    0x1C, 0x01, 0x1E, 0x02, 0x3A, 0x01, 0xB8, 0x02,
    0x1A, 0x54, 0x02, 0x3B, 0x02, 0x86, 0x01, 0x04,
    0x00, 0xE1, 0x01, 0x1E, 0x02, 0x3A, 0x01, 0xB8,
    0x02, 0x1A, 0x8C, 0x02, 0x3A, 0x01, 0xB8, 0x02,
    0x1A, 0x7D, 0x02, 0x3D, 0x02, 0x86, 0x01, 0x1C,
    0x01, 0x24, 0x10, 0x10, 0xE2, 0x01, 0x1C, 0x01,
    0x1E, 0x02, 0x3B, 0x02, 0x86, 0x01, 0x04, 0x02,
    0xE1, 0x01, 0x17, 0x0B, 0x02, 0x39, 0x01, 0xB8,
    0x02, 0x18, 0x35, 0x02, 0x3B, 0x02, 0x86, 0x01,
    0x04, 0x0A, 0xE1, 0x01, 0x17, 0x10, 0x02, 0x3D,
    0x02, 0x86, 0x01, 0x1C, 0x03, 0x44, 0x10, 0x80,
    0x00, 0x04, 0x00, 0x04, 0x00, 0xE2, 0x01, 0x1C,
    0x03, 0x1E, 0x1E, 0x1E, 0x02, 0x3A, 0x01, 0xB8,
    0x02, 0x1A, 0x74, 0x02, 0x3B, 0x02, 0x86, 0x01,
    0x04, 0x09, 0xE1, 0x01, 0x17, 0x69, 0x02, 0x3E,
    0x01, 0xB8, 0x02, 0x1C, 0x03, 0x17, 0x60, 0x17,
    0x47, 0x17, 0x05, 0x02, 0x3C, 0x01, 0xB8, 0x02,
    0x1C, 0x03, 0x18, 0x30, 0x18, 0x31, 0x18, 0x33,
    0x01, 0x00, 0x08, 0x00, 0x0C, 0x0A, 0x47, 0x88,
    0x80, 0x04, 0xF0, 0x25, 0x01, 0x81, 0x80, 0x04,
    0x90, 0x26, 0x01, 0x09, 0xA8, 0x26, 0x01, 0x09,
    0xD0, 0x26, 0x01, 0x09, 0xF8, 0x26, 0x01, 0x09,
    0xA0, 0x27, 0x01, 0x09, 0xC8, 0x27, 0x01, 0x09,
    0xF0, 0x27, 0x00, 0x01, 0x01, 0x01, 0x0D, 0x90,
    0x20, 0x4F, 0x80, 0x80, 0x04, 0x98, 0x28, 0x50,
    0x01, 0xB4, 0x28, 0x01, 0x00, 0x02, 0x01, 0x0E,
    0x1A, 0x51, 0x88, 0x80, 0x04, 0xD0, 0x28, 0x01,
    0x81, 0x80, 0x04, 0xEC, 0x28, 0x54, 0x04, 0x84,
    0x29, 0x00, 0x00, 0x01, 0x01, 0x56, 0x81, 0xA0,
    0x04, 0xC8, 0x29, 0x57, 0x11, 0xE0, 0x29, 0x00,
    0x01, 0x01, 0x01, 0x0F, 0x91, 0x20, 0x58, 0x81,
    0xA0, 0x04, 0xF8, 0x29, 0x59, 0x11, 0x94, 0x2A,
    0x00, 0x02, 0x01, 0x01, 0x10, 0x91, 0x20, 0x01,
    0x91, 0x20, 0x5A, 0x81, 0xA0, 0x04, 0xB0, 0x2A,
    0x5B, 0x11, 0xD0, 0x2A, 0x00, 0x00, 0x01, 0x01,
    0x5C, 0x81, 0xA0, 0x04, 0xF0, 0x2A, 0x5D, 0x11,
    0x88, 0x2B, 0x00, 0x01, 0x01, 0x01, 0x12, 0x90,
    0x20, 0x5E, 0x80, 0x80, 0x04, 0xA0, 0x2B, 0x5F,
    0x01, 0xBC, 0x2B, 0x00, 0x01, 0x01, 0x03, 0x13,
    0x90, 0x20, 0x60, 0x80, 0x80, 0x04, 0xF0, 0x2B,
    0x61, 0x01, 0x8C, 0x2C, 0x01, 0x01, 0xA0, 0x2C,
    0x01, 0x01, 0xB4, 0x2C, 0x00, 0x01, 0x02, 0x03,
    0x14, 0x90, 0x20, 0x64, 0x82, 0x80, 0x04, 0xE4,
    0x2C, 0x01, 0x80, 0xA0, 0x04, 0x80, 0x2D, 0x66,
    0x01, 0x98, 0x2D, 0x01, 0x01, 0xBC, 0x2D, 0x01,
    0x01, 0xDC, 0x2D, 0x00, 0x00, 0x01, 0x02, 0x69,
    0x81, 0x80, 0x04, 0xBC, 0x2E, 0x6C, 0x01, 0x88,
    0x2E, 0x02, 0x01, 0xD4, 0x2E, 0x00, 0x01, 0x01,
    0x02, 0x15, 0x90, 0x20, 0x6F, 0x80, 0x80, 0x04,
    0xD0, 0x2F, 0x70, 0x01, 0xE8, 0x2E, 0x01, 0x01,
    0x90, 0x2F, 0x00, 0x00, 0x01, 0x03, 0x72, 0x81,
    0x80, 0x04, 0x94, 0x31, 0x73, 0x01, 0x9C, 0x30,
    0x01, 0x01, 0xEC, 0x2F, 0x01, 0x01, 0xDC, 0x30,
    0x06, 0x03, 0x11, 0x01, 0x16, 0x1A, 0x03, 0x0A,
    0x01, 0x1A, 0x01, 0x0A, 0x01, 0x0A, 0x01, 0x0A,
    0x17, 0x02, 0x01, 0x02, 0x06, 0x12, 0x76, 0xC8,
    0x20, 0xAC, 0x31, 0x01, 0xC8, 0x20, 0x94, 0x32,
    0x01, 0x88, 0x80, 0x04, 0xAC, 0x32, 0x01, 0x81,
    0x80, 0x04, 0xCC, 0x32, 0x01, 0x02, 0xE0, 0x33,
    0x02, 0x09, 0x94, 0x34, 0x01, 0x02, 0xD8, 0x34,
    0x01, 0x88, 0x20, 0x8C, 0x36, 0x01, 0x88, 0x20,
    0xF4, 0x36, 0x01, 0x88, 0x20, 0xC0, 0x37, 0x01,
    0x88, 0x20, 0xD8, 0x37, 0x02, 0x02, 0xA4, 0x39,
    0x07, 0x09, 0x8C, 0x3A, 0x01, 0x09, 0xD0, 0x3A,
    0x01, 0x02, 0xD0, 0x3B, 0x01, 0x09, 0xD8, 0x31,
    0x01, 0x02, 0x94, 0x3C, 0x82, 0x01, 0x01, 0xC4,
    0x31, 0x00, 0x00, 0x09, 0x00, 0x8F, 0x01, 0x81,
    0x80, 0x04, 0xBC, 0x42, 0x01, 0x89, 0x02, 0x00,
    0x01, 0x89, 0x02, 0x00, 0x01, 0x89, 0x02, 0x00,
    0x01, 0x89, 0x02, 0x00, 0x01, 0x89, 0x02, 0x00,
    0x01, 0x89, 0x02, 0x00, 0x01, 0x89, 0x02, 0x00,
    0x01, 0x89, 0x02, 0x00, 0x00, 0x03, 0x02, 0x02,
    0x20, 0x02, 0x01, 0x02, 0x01, 0x02, 0x98, 0x01,
    0x81, 0x80, 0x04, 0xAC, 0x43, 0x01, 0x02, 0xD8,
    0x43, 0x9B, 0x01, 0x04, 0x94, 0x44, 0x01, 0x01,
    0xD4, 0x42, 0x01, 0x17, 0x64, 0x01, 0x17, 0x66,
    0x01, 0x00, 0x00, 0x00, 0xE3, 0x40, 0x00, 0x00,
    0x02, 0x00, 0x00, 0x00, 0xF3, 0x40, 0x00, 0x00,
    0xFA, 0x40, 0x00, 0x00, 0x02, 0x00, 0x00, 0x00,
    0x04, 0x41, 0x00, 0x00, 0xFA, 0x40, 0x00, 0x00,
    0x02, 0x00, 0x00, 0x00, 0x0B, 0x41, 0x00, 0x00,
    0xFA, 0x40, 0x00, 0x00, 0x01, 0x00, 0x00, 0x00,
    0x12, 0x41, 0x00, 0x00, 0x02, 0x00, 0x00, 0x00,
    0x2C, 0x41, 0x00, 0x00, 0x21, 0x41, 0x00, 0x00,
    0x02, 0x00, 0x00, 0x00, 0x2C, 0x41, 0x00, 0x00,
    0x33, 0x41, 0x00, 0x00, 0x01, 0x00, 0x00, 0x00,
    0x3E, 0x41, 0x00, 0x00, 0x02, 0x00, 0x00, 0x00,
    0x54, 0x41, 0x00, 0x00, 0xFA, 0x40, 0x00, 0x00,
    0x02, 0x00, 0x00, 0x00, 0x2C, 0x41, 0x00, 0x00,
    0x5B, 0x41, 0x00, 0x00, 0x01, 0x00, 0x00, 0x00,
    0x66, 0x41, 0x00, 0x00, 0x01, 0x00, 0x00, 0x00,
    0x73, 0x41, 0x00, 0x00, 0x58, 0x43, 0x00, 0x00,
    0x00, 0x00, 0x00, 0x00, 0x01, 0x00, 0x00, 0x00,
    0x00, 0x00, 0x00, 0x00, 0x4F, 0x00, 0x00, 0x00,
    0x50, 0x43, 0x00, 0x00, 0x64, 0x43, 0x00, 0x00,
    0x00, 0x00, 0x00, 0x00, 0x01, 0x00, 0x00, 0x00,
    0x00, 0x00, 0x00, 0x00, 0x5E, 0x00, 0x00, 0x00,
    0x50, 0x43, 0x00, 0x00, 0x70, 0x43, 0x00, 0x00,
    0x00, 0x00, 0x00, 0x00, 0x01, 0x00, 0x00, 0x00,
    0x00, 0x00, 0x00, 0x00, 0x60, 0x00, 0x00, 0x00,
    0x50, 0x43, 0x00, 0x00, 0x84, 0x43, 0x00, 0x00,
    0x00, 0x00, 0x00, 0x00, 0x01, 0x00, 0x00, 0x00,
    0x00, 0x00, 0x00, 0x00, 0x64, 0x00, 0x00, 0x00,
    0x7C, 0x43, 0x00, 0x00, 0x90, 0x43, 0x00, 0x00,
    0x00, 0x00, 0x00, 0x00, 0x00, 0x00, 0x00, 0x00,
    0x00, 0x00, 0x00, 0x00, 0xA4, 0x43, 0x00, 0x00,
    0x00, 0x00, 0x00, 0x00, 0x01, 0x00, 0x00, 0x00,
    0x00, 0x00, 0x00, 0x00, 0x6F, 0x00, 0x00, 0x00,
    0x9C, 0x43, 0x00, 0x00, 0xB0, 0x43, 0x00, 0x00,
    0x00, 0x00, 0x00, 0x00, 0x00, 0x00, 0x00, 0x00,
    0x00, 0x00, 0x00, 0x00, 0xC4, 0x43, 0x00, 0x00,
    0x01, 0x00, 0x00, 0x00, 0x00, 0x00, 0x00, 0x00,
    0x00, 0x00, 0x00, 0x00, 0x1A, 0x00, 0x00, 0x00,
    0xBC, 0x43, 0x00, 0x00, 0x11, 0x00, 0x00, 0x00,
    0x00, 0x00, 0x00, 0x00, 0x01, 0x00, 0x00, 0x00,
    0x00, 0x00, 0x00, 0x00, 0x01, 0x00, 0x00, 0x00,
    0x45, 0x01, 0x00, 0x00, 0x70, 0x00, 0x00, 0x00,
    0x02, 0x00, 0x00, 0x00, 0x4F, 0x00, 0x00, 0x00,
    0x84, 0x05, 0x00, 0x00, 0x03, 0x00, 0x00, 0x00,
    0x4A, 0x00, 0x00, 0x00, 0xC0, 0x06, 0x00, 0x00,
    0x04, 0x00, 0x00, 0x00, 0x23, 0x00, 0x00, 0x00,
    0x38, 0x0A, 0x00, 0x00, 0x05, 0x00, 0x00, 0x00,
    0xB0, 0x00, 0x00, 0x00, 0x50, 0x0B, 0x00, 0x00,
    0x06, 0x00, 0x00, 0x00, 0x11, 0x00, 0x00, 0x00,
    0xD0, 0x10, 0x00, 0x00, 0x01, 0x20, 0x00, 0x00,
    0x41, 0x00, 0x00, 0x00, 0xF0, 0x12, 0x00, 0x00,
    0x03, 0x20, 0x00, 0x00, 0x38, 0x00, 0x00, 0x00,
    0x5E, 0x22, 0x00, 0x00, 0x01, 0x10, 0x00, 0x00,
    0x2F, 0x00, 0x00, 0x00, 0xA0, 0x26, 0x00, 0x00,
    0x02, 0x20, 0x00, 0x00, 0x45, 0x01, 0x00, 0x00,
    0x44, 0x28, 0x00, 0x00, 0x04, 0x20, 0x00, 0x00,
    0x0E, 0x00, 0x00, 0x00, 0xE3, 0x40, 0x00, 0x00,
    0x00, 0x20, 0x00, 0x00, 0x10, 0x00, 0x00, 0x00,
    0x80, 0x41, 0x00, 0x00, 0x05, 0x20, 0x00, 0x00,
    0x02, 0x00, 0x00, 0x00, 0x4A, 0x43, 0x00, 0x00,
    0x03, 0x10, 0x00, 0x00, 0x0C, 0x00, 0x00, 0x00,
    0x50, 0x43, 0x00, 0x00, 0x06, 0x20, 0x00, 0x00,
    0x08, 0x00, 0x00, 0x00, 0xCC, 0x43, 0x00, 0x00,
    0x00, 0x10, 0x00, 0x00, 0x01, 0x00, 0x00, 0x00,
    0x7C, 0x44, 0x00, 0x00 
};
